"sceneId","questionId","age","topic","family","type","basis","prompt"
"exp26-u7-001","exp26-u7-001-q1","U7","Rink awareness","team-recognition","choice","scene","Who is your teammate?"
"exp26-u7-001","exp26-u7-001-q2","U7","Rink awareness","team-recognition","multi","scene","Which two things can you find here?"
"exp26-u7-001","exp26-u7-001-q3","U7","Rink awareness","team-recognition","sequence","coaching","Put this sharing routine in order."
"exp26-u7-001","exp26-u7-001-q4","U7","Rink awareness","team-recognition","position","coaching","Move YOU a little nearer Navy2 without standing on Navy2."
"exp26-u7-001","exp26-u7-001-q5","U7","Rink awareness","team-recognition","choice","coaching","Imagine Gold1 steps between you and Navy2. What could you do?"
"exp26-u7-001","exp26-u7-001-q6","U7","Rink awareness","team-recognition","explain","coaching","Tell a grown-up how you found your teammate."
"exp26-u7-001","exp26-u7-001-q7","U7","Rink awareness","team-recognition","choice","coaching","Imagine Gold1 takes the puck from YOU. What should you notice first?"
"exp26-u7-001","exp26-u7-001-q8","U7","Rink awareness","team-recognition","multi","coaching","Imagine Navy2 moves to a new spot while YOU hold the puck. Which two players should YOU keep track of?"
"exp26-u7-001","exp26-u7-001-q9","U7","Rink awareness","team-recognition","position","coaching","Move YOU with the puck to try a different passing angle toward Navy2."
"exp26-u7-001","exp26-u7-001-q10","U7","Rink awareness","team-recognition","explain","coaching","Imagine Gold1 skates closer to YOU. Tell an adult what changed."
"exp26-u7-002","exp26-u7-002-q1","U7","Puck control","loose-puck-recognition","choice","scene","Who has the puck right now?"
"exp26-u7-002","exp26-u7-002-q2","U7","Puck control","loose-puck-recognition","choice","scene","What did the coach ask YOU to do?"
"exp26-u7-002","exp26-u7-002-q3","U7","Puck control","loose-puck-recognition","sequence","coaching","Arrange a gentle collection try."
"exp26-u7-002","exp26-u7-002-q4","U7","Puck control","loose-puck-recognition","position","coaching","Show a place near the puck to finish your approach."
"exp26-u7-002","exp26-u7-002-q5","U7","Puck control","loose-puck-recognition","choice","coaching","Imagine Navy2 reaches it first and controls it. Is it still loose?"
"exp26-u7-002","exp26-u7-002-q6","U7","Puck control","loose-puck-recognition","explain","coaching","How could you tell the puck was waiting for someone?"
"exp26-u7-002","exp26-u7-002-q7","U7","Puck control","loose-puck-recognition","choice","coaching","After YOU collect it, Navy2 asks for a pass. What helps before sending it?"
"exp26-u7-002","exp26-u7-002-q8","U7","Puck control","loose-puck-recognition","multi","coaching","After the pickup, what helps a pass reach Navy2?"
"exp26-u7-002","exp26-u7-002-q9","U7","Puck control","loose-puck-recognition","position","coaching","Move Navy2 to give YOU a short pass after the pickup. Leave room between you."
"exp26-u7-002","exp26-u7-002-q10","U7","Puck control","loose-puck-recognition","explain","coaching","You touched the puck, but it slid away. Is your pickup finished? Tell a grown-up."
"exp26-u7-003","exp26-u7-003-q1","U7","Puck control","open-space-carry","choice","scene","Who is directly ahead of YOU?"
"exp26-u7-003","exp26-u7-003-q2","U7","Puck control","open-space-carry","multi","scene","What is shown on the side away from Navy2?"
"exp26-u7-003","exp26-u7-003-q3","U7","Puck control","open-space-carry","sequence","coaching","Arrange this try at finding room."
"exp26-u7-003","exp26-u7-003-q4","U7","Puck control","open-space-carry","position","coaching","Move YOU into the empty practice space away from Navy2."
"exp26-u7-003","exp26-u7-003-q5","U7","Puck control","open-space-carry","choice","coaching","Imagine Navy2 moves into that empty space. What could you do?"
"exp26-u7-003","exp26-u7-003-q6","U7","Puck control","open-space-carry","explain","coaching","Point to one thing you checked before carrying."
"exp26-u7-003","exp26-u7-003-q7","U7","Puck control","open-space-carry","choice","coaching","If Gold1 covers your first angle, what should Navy2 see?"
"exp26-u7-003","exp26-u7-003-q8","U7","Puck control","open-space-carry","multi","coaching","After moving, what two players should YOU check?"
"exp26-u7-003","exp26-u7-003-q9","U7","Puck control","open-space-carry","position","coaching","Place YOU in a spot where the way to Navy2 stays open."
"exp26-u7-003","exp26-u7-003-q10","U7","Puck control","open-space-carry","explain","coaching","Imagine YOU pass to Navy2 and Navy2 now has the puck. How can you show you are ready for a return pass?"
"exp26-u7-004","exp26-u7-004-q1","U7","Rink awareness","rink-landmark-reset","choice","scene","What does the coach call the nearby red ring?"
"exp26-u7-004","exp26-u7-004-q2","U7","Rink awareness","rink-landmark-reset","choice","scene","Where are YOU starting?"
"exp26-u7-004","exp26-u7-004-q3","U7","Rink awareness","rink-landmark-reset","sequence","coaching","Arrange the return to our practice spot."
"exp26-u7-004","exp26-u7-004-q4","U7","Rink awareness","rink-landmark-reset","position","coaching","Move YOU toward the middle of that faceoff circle."
"exp26-u7-004","exp26-u7-004-q5","U7","Rink awareness","rink-landmark-reset","choice","coaching","Imagine Navy2 stands in the middle first. What could you do?"
"exp26-u7-004","exp26-u7-004-q6","U7","Rink awareness","rink-landmark-reset","explain","coaching","Point to the boards, then point to the circle."
"exp26-u7-004","exp26-u7-004-q7","U7","Rink awareness","rink-landmark-reset","choice","coaching","While YOU wait for your turn, what helps YOU look after the puck?"
"exp26-u7-004","exp26-u7-004-q8","U7","Rink awareness","rink-landmark-reset","multi","coaching","Before leaving the boards for your turn, what should YOU check?"
"exp26-u7-004","exp26-u7-004-q9","U7","Rink awareness","rink-landmark-reset","position","coaching","For another waiting spot, move Navy2 outside the circle on its centre-ice side."
"exp26-u7-004","exp26-u7-004-q10","U7","Rink awareness","rink-landmark-reset","explain","coaching","Can you skate across the painted circle line to reach the middle? What should you look for?"
"exp26-u7-005","exp26-u7-005-q1","U7","Skating awareness","practice-stop","choice","scene","What does this practice whistle mean?"
"exp26-u7-005","exp26-u7-005-q2","U7","Skating awareness","practice-stop","multi","coaching","Which things help after that signal?"
"exp26-u7-005","exp26-u7-005-q3","U7","Skating awareness","practice-stop","sequence","coaching","Order this practice stop."
"exp26-u7-005","exp26-u7-005-q4","U7","Skating awareness","practice-stop","choice","coaching","Is stopping the same as skating faster?"
"exp26-u7-005","exp26-u7-005-q5","U7","Skating awareness","practice-stop","choice","coaching","Now the coach invites a restart in your lane. What could you do?"
"exp26-u7-005","exp26-u7-005-q6","U7","Skating awareness","practice-stop","explain","coaching","Tell a grown-up what you would listen for next."
"exp26-u7-005","exp26-u7-005-q7","U7","Skating awareness","practice-stop","choice","coaching","You have stopped, but the puck slides away. What could YOU do while the coach is talking?"
"exp26-u7-005","exp26-u7-005-q8","U7","Skating awareness","practice-stop","multi","coaching","Before turning to listen, what helps YOU give Navy2 room?"
"exp26-u7-005","exp26-u7-005-q9","U7","Skating awareness","practice-stop","position","coaching","The coach asks Navy2 to use more space for the next try. Move Navy2 farther from YOUR lane."
"exp26-u7-005","exp26-u7-005-q10","U7","Skating awareness","practice-stop","explain","coaching","You did not hear what the coach said next. What could you say?"
"exp26-u7-006","exp26-u7-006-q1","U7","Passing","beginner-receiving","choice","scene","Who starts with the puck?"
"exp26-u7-006","exp26-u7-006-q2","U7","Passing","beginner-receiving","choice","scene","What is YOUR job in this activity?"
"exp26-u7-006","exp26-u7-006-q3","U7","Passing","beginner-receiving","sequence","coaching","Arrange a simple partner pass."
"exp26-u7-006","exp26-u7-006-q4","U7","Passing","beginner-receiving","position","coaching","Move YOU a little nearer, leaving space between partners."
"exp26-u7-006","exp26-u7-006-q5","U7","Passing","beginner-receiving","choice","coaching","Imagine Navy2 is not ready yet. What could you do?"
"exp26-u7-006","exp26-u7-006-q6","U7","Passing","beginner-receiving","explain","coaching","How could you show your partner you are ready?"
"exp26-u7-006","exp26-u7-006-q7","U7","Passing","beginner-receiving","choice","coaching","Imagine Navy2’s pass slides a little behind YOU. What could YOU do?"
"exp26-u7-006","exp26-u7-006-q8","U7","Passing","beginner-receiving","multi","scene","Which two things can YOU see that help YOU get ready?"
"exp26-u7-006","exp26-u7-006-q9","U7","Passing","beginner-receiving","position","coaching","Move YOU to a second waiting spot that keeps the ice to Navy2 open."
"exp26-u7-006","exp26-u7-006-q10","U7","Passing","beginner-receiving","explain","coaching","Gold1 is not in this try. What would change if Gold1 joined in?"
"exp26-u7-007","exp26-u7-007-q1","U7","Rink awareness","rotating-goal-role","choice","scene","Which goal are YOU defending?"
"exp26-u7-007","exp26-u7-007-q2","U7","Rink awareness","rotating-goal-role","choice","scene","What did the coach call the blue area by the net?"
"exp26-u7-007","exp26-u7-007-q3","U7","Rink awareness","rotating-goal-role","sequence","coaching","Arrange our goal-defending turns."
"exp26-u7-007","exp26-u7-007-q4","U7","Rink awareness","rotating-goal-role","multi","scene","Which facts belong to this activity?"
"exp26-u7-007","exp26-u7-007-q5","U7","Rink awareness","rotating-goal-role","choice","coaching","Imagine Navy2 gains control of the puck. Who has it then?"
"exp26-u7-007","exp26-u7-007-q6","U7","Rink awareness","rotating-goal-role","explain","coaching","How could you help Navy2 enjoy the next turn?"
"exp26-u7-007","exp26-u7-007-q7","U7","Rink awareness","rotating-goal-role","choice","coaching","It is YOUR turn near the navy net. Where should YOU look first?"
"exp26-u7-007","exp26-u7-007-q8","U7","Rink awareness","rotating-goal-role","multi","coaching","Which two things tell YOU where the play is right now?"
"exp26-u7-007","exp26-u7-007-q9","U7","Rink awareness","rotating-goal-role","position","coaching","Move YOU to a spot in front of the navy net where you can still see the puck."
"exp26-u7-007","exp26-u7-007-q10","U7","Rink awareness","rotating-goal-role","explain","coaching","Why does everyone get a turn defending the goal?"
"exp26-u7-008","exp26-u7-008-q1","U7","Scanning","scan-behind","choice","scene","Where is Navy2 compared with the way YOU face?"
"exp26-u7-008","exp26-u7-008-q2","U7","Scanning","scan-behind","multi","coaching","What can looking around help you find?"
"exp26-u7-008","exp26-u7-008-q3","U7","Scanning","scan-behind","sequence","coaching","Arrange this looking activity."
"exp26-u7-008","exp26-u7-008-q4","U7","Scanning","scan-behind","position","coaching","For a second try, move YOU away from the side with Navy2."
"exp26-u7-008","exp26-u7-008-q5","U7","Scanning","scan-behind","choice","coaching","Imagine Navy2 skates ahead of YOU. Should you keep pointing behind?"
"exp26-u7-008","exp26-u7-008-q6","U7","Scanning","scan-behind","explain","coaching","Point to one thing you might miss by only watching the puck."
"exp26-u7-008","exp26-u7-008-q7","U7","Scanning","scan-behind","choice","coaching","Gold1 moves into the way ahead. What could YOU look for behind your shoulder?"
"exp26-u7-008","exp26-u7-008-q8","U7","Scanning","scan-behind","multi","coaching","What should YOU check before a pass back to Navy2?"
"exp26-u7-008","exp26-u7-008-q9","U7","Scanning","scan-behind","position","coaching","Move Navy2 to a new waiting place behind YOU, with room for a short pass."
"exp26-u7-008","exp26-u7-008-q10","U7","Scanning","scan-behind","explain","coaching","Why might a short pass back to Navy2 help you go forward later?"
"exp26-u7-009","exp26-u7-009-q1","U7","Passing","after-pass-role","choice","scene","Who controls the puck now?"
"exp26-u7-009","exp26-u7-009-q2","U7","Passing","after-pass-role","choice","scene","Does this picture show the whole moving pass?"
"exp26-u7-009","exp26-u7-009-q3","U7","Passing","after-pass-role","sequence","scene","Put these stated events in order."
"exp26-u7-009","exp26-u7-009-q4","U7","Passing","after-pass-role","position","coaching","Find separate space where Navy2 can still see YOU."
"exp26-u7-009","exp26-u7-009-q5","U7","Passing","after-pass-role","choice","coaching","Imagine Navy2 asks for a return target. What could you do?"
"exp26-u7-009","exp26-u7-009-q6","U7","Passing","after-pass-role","explain","coaching","What changed for YOU when the pass finished?"
"exp26-u7-009","exp26-u7-009-q7","U7","Passing","after-pass-role","choice","coaching","Gold1 skates closer to Navy2. What could YOU do to stay useful?"
"exp26-u7-009","exp26-u7-009-q8","U7","Passing","after-pass-role","multi","coaching","Which two things should YOU watch now that Navy2 has the puck?"
"exp26-u7-009","exp26-u7-009-q9","U7","Passing","after-pass-role","position","coaching","Place YOU in open space where Navy2 could pass to YOU, away from Gold1."
"exp26-u7-009","exp26-u7-009-q10","U7","Passing","after-pass-role","explain","coaching","Why does Navy2 need room after taking the pass?"
"exp26-u7-010","exp26-u7-010-q1","U7","Teamwork","reset-after-mistake","choice","scene","Who has the puck after the missed pass?"
"exp26-u7-010","exp26-u7-010-q2","U7","Teamwork","reset-after-mistake","multi","coaching","Which words could encourage Navy2?"
"exp26-u7-010","exp26-u7-010-q3","U7","Teamwork","reset-after-mistake","sequence","coaching","Arrange one helpful response."
"exp26-u7-010","exp26-u7-010-q4","U7","Teamwork","reset-after-mistake","position","coaching","For the next reset, find separate practice space near Navy2."
"exp26-u7-010","exp26-u7-010-q5","U7","Teamwork","reset-after-mistake","choice","coaching","Imagine YOU miss the next pass. What could help?"
"exp26-u7-010","exp26-u7-010-q6","U7","Teamwork","reset-after-mistake","explain","coaching","Say one kind thing you would like a teammate to tell you."
"exp26-u7-010","exp26-u7-010-q7","U7","Teamwork","reset-after-mistake","choice","coaching","Gold1 has the puck now. What is a good first thing for YOU to do?"
"exp26-u7-010","exp26-u7-010-q8","U7","Teamwork","reset-after-mistake","multi","scene","Which two things are true in this picture?"
"exp26-u7-010","exp26-u7-010-q9","U7","Teamwork","reset-after-mistake","position","coaching","Place YOU in open space where Navy2 can find YOU for the next try."
"exp26-u7-010","exp26-u7-010-q10","U7","Teamwork","reset-after-mistake","explain","coaching","What does “another try” mean after a missed pass?"
"exp26b-u7-001","exp26b-u7-001-q1","U7","Puck control","loose-puck-scan","choice","scene","Who has the puck now?"
"exp26b-u7-001","exp26b-u7-001-q2","U7","Puck control","loose-puck-scan","multi","coaching","What should you notice as you go to the puck?"
"exp26b-u7-001","exp26b-u7-001-q3","U7","Puck control","loose-puck-scan","position","coaching","Place YOU near the loose puck, with room to see Gold1."
"exp26b-u7-001","exp26b-u7-001-q4","U7","Puck control","loose-puck-scan","sequence","coaching","After reaching the loose puck, put these possible next events in order."
"exp26b-u7-001","exp26b-u7-001-q5","U7","Puck control","loose-puck-scan","choice","coaching","Gold1 reaches the loose puck first and controls it. What should YOU change?"
"exp26b-u7-001","exp26b-u7-001-q6","U7","Puck control","loose-puck-scan","explain","coaching","Why does Navy2 matter after you find the puck?"
"exp26b-u7-002","exp26b-u7-002-q1","U7","Puck control","open-ice-carry","choice","scene","Who has the puck?"
"exp26b-u7-002","exp26b-u7-002-q2","U7","Puck control","open-ice-carry","multi","scene","Which two clues shape your carry?"
"exp26b-u7-002","exp26b-u7-002-q3","U7","Puck control","open-ice-carry","position","coaching","Place YOU in the upper open side before carrying."
"exp26b-u7-002","exp26b-u7-002-q4","U7","Puck control","open-ice-carry","sequence","coaching","Arrange a safe carry check."
"exp26b-u7-002","exp26b-u7-002-q5","U7","Puck control","open-ice-carry","choice","coaching","Imagine Gold1 shifts across the lane. What should YOU do?"
"exp26b-u7-002","exp26b-u7-002-q6","U7","Puck control","open-ice-carry","explain","coaching","Why keep your feet moving toward room?"
"exp26b-u7-003","exp26b-u7-003-q1","U7","Passing","support-angle","choice","scene","Who has the puck?"
"exp26b-u7-003","exp26b-u7-003-q2","U7","Passing","support-angle","multi","coaching","What can help Navy2 find a pass?"
"exp26b-u7-003","exp26b-u7-003-q3","U7","Passing","support-angle","position","coaching","Place YOU in open middle space where Navy2 can see you."
"exp26b-u7-003","exp26b-u7-003-q4","U7","Passing","support-angle","sequence","coaching","Put the support read in order."
"exp26b-u7-003","exp26b-u7-003-q5","U7","Passing","support-angle","choice","coaching","Imagine Gold1 follows your first move. What is a useful change?"
"exp26b-u7-003","exp26b-u7-003-q6","U7","Passing","support-angle","explain","coaching","Why does your place matter to Navy2?"
"exp26b-u7-004","exp26b-u7-004-q1","U7","Defending","role-change","choice","scene","Who has the puck now?"
"exp26b-u7-004","exp26b-u7-004-q2","U7","Defending","role-change","multi","scene","What should YOU notice after the change?"
"exp26b-u7-004","exp26b-u7-004-q3","U7","Defending","role-change","position","coaching","Place YOU between Gold1 and the navy end to help."
"exp26b-u7-004","exp26b-u7-004-q4","U7","Defending","role-change","sequence","coaching","Arrange the role-change read."
"exp26b-u7-004","exp26b-u7-004-q5","U7","Defending","role-change","choice","coaching","Imagine Gold1 shifts across the lane. What should guide YOU?"
"exp26b-u7-004","exp26b-u7-004-q6","U7","Defending","role-change","explain","coaching","Why did your job change when Gold1 got the puck?"
"exp26b-u7-005","exp26b-u7-005-q1","U7","Off-puck support","net-front-support","choice","scene","Who has the puck?"
"exp26b-u7-005","exp26b-u7-005-q2","U7","Off-puck support","net-front-support","multi","scene","What makes this a crowded spot?"
"exp26b-u7-005","exp26b-u7-005-q3","U7","Off-puck support","net-front-support","position","coaching","Place YOU in open space above Navy2, still near the play."
"exp26b-u7-005","exp26b-u7-005-q4","U7","Off-puck support","net-front-support","sequence","coaching","Put this support move in order."
"exp26b-u7-005","exp26b-u7-005-q5","U7","Off-puck support","net-front-support","choice","coaching","Imagine Gold1 leaves the net side and follows YOU. What is a good next read?"
"exp26b-u7-005","exp26b-u7-005-q6","U7","Off-puck support","net-front-support","explain","coaching","Why make room for Navy2?"
"exp26b-u7-006","exp26b-u7-006-q1","U7","Puck control","puck-protection-turn","choice","scene","Which player is closer to the middle of the ice than YOU?"
"exp26b-u7-006","exp26b-u7-006-q2","U7","Puck control","puck-protection-turn","multi","coaching","What can help protect the puck?"
"exp26b-u7-006","exp26b-u7-006-q3","U7","Puck control","puck-protection-turn","position","coaching","Place YOU a little closer to the wall side, away from Gold1."
"exp26b-u7-006","exp26b-u7-006-q4","U7","Puck control","puck-protection-turn","sequence","coaching","Put the protection read in order."
"exp26b-u7-006","exp26b-u7-006-q5","U7","Puck control","puck-protection-turn","choice","coaching","Imagine Gold1 reaches the wall side too. What is a smart update?"
"exp26b-u7-006","exp26b-u7-006-q6","U7","Puck control","puck-protection-turn","explain","coaching","Why keep the puck away from Gold1?"
"exp26b-u7-007","exp26b-u7-007-q1","U7","Off-puck support","support-lane","choice","scene","Who carries the puck?"
"exp26b-u7-007","exp26b-u7-007-q2","U7","Off-puck support","support-lane","multi","coaching","What should YOU change?"
"exp26b-u7-007","exp26b-u7-007-q3","U7","Off-puck support","support-lane","position","coaching","Place YOU in a separate lane, wider toward the side boards."
"exp26b-u7-007","exp26b-u7-007-q4","U7","Off-puck support","support-lane","sequence","coaching","Arrange a support move."
"exp26b-u7-007","exp26b-u7-007-q5","U7","Off-puck support","support-lane","choice","coaching","Imagine Gold1 moves toward your new lane. What could help?"
"exp26b-u7-007","exp26b-u7-007-q6","U7","Off-puck support","support-lane","explain","coaching","Why does a quiet lane help Navy2?"
"exp26b-u7-008","exp26b-u7-008-q1","U7","Passing","pass-follow-support","choice","scene","Who has the puck after the pass?"
"exp26b-u7-008","exp26b-u7-008-q2","U7","Passing","pass-follow-support","multi","scene","Who can YOU look for next?"
"exp26b-u7-008","exp26b-u7-008-q3","U7","Passing","pass-follow-support","position","coaching","Place YOU where you can see Navy3 and Gold1."
"exp26b-u7-008","exp26b-u7-008-q4","U7","Passing","pass-follow-support","sequence","coaching","Put the new-owner read in order."
"exp26b-u7-008","exp26b-u7-008-q5","U7","Passing","pass-follow-support","choice","coaching","Gold1 closes the middle. What might change?"
"exp26b-u7-008","exp26b-u7-008-q6","U7","Passing","pass-follow-support","explain","coaching","Why look again after receiving?"
"exp26b-u7-009","exp26b-u7-009-q1","U7","Rink awareness","rink-landmark-support","choice","scene","What rink area did the coach name?"
"exp26b-u7-009","exp26b-u7-009-q2","U7","Rink awareness","rink-landmark-support","multi","scene","What should you see before moving there?"
"exp26b-u7-009","exp26b-u7-009-q3","U7","Rink awareness","rink-landmark-support","position","coaching","Place YOU near the named blue line, away from Gold1."
"exp26b-u7-009","exp26b-u7-009-q4","U7","Rink awareness","rink-landmark-support","sequence","coaching","Arrange the meeting-line read."
"exp26b-u7-009","exp26b-u7-009-q5","U7","Rink awareness","rink-landmark-support","choice","coaching","Gold1 moves toward the blue line. What should you do?"
"exp26b-u7-009","exp26b-u7-009-q6","U7","Rink awareness","rink-landmark-support","explain","coaching","How can a named line help your team?"
"exp26b-u7-010","exp26b-u7-010-q1","U7","Puck recovery","recovery-change","choice","scene","Who has the puck after the missed pass?"
"exp26b-u7-010","exp26b-u7-010-q2","U7","Puck recovery","recovery-change","multi","scene","What should YOU notice on the way?"
"exp26b-u7-010","exp26b-u7-010-q3","U7","Puck recovery","recovery-change","position","coaching","Place YOU near the puck with Gold1 in view."
"exp26b-u7-010","exp26b-u7-010-q4","U7","Puck recovery","recovery-change","sequence","coaching","Put the recovery read in order."
"exp26b-u7-010","exp26b-u7-010-q5","U7","Puck recovery","recovery-change","choice","coaching","Gold1 reaches the puck area first. What should you update?"
"exp26b-u7-010","exp26b-u7-010-q6","U7","Puck recovery","recovery-change","explain","coaching","Why is this a new read after the pass misses?"
"exp26-u9-001","exp26-u9-001-q1","U9","Passing","support-off-boards","choice","scene","What is between Navy2 and YOUR current spot?"
"exp26-u9-001","exp26-u9-001-q2","U9","Passing","support-off-boards","multi","coaching","Which cues matter before asking for a pass?"
"exp26-u9-001","exp26-u9-001-q3","U9","Passing","support-off-boards","position","coaching","Move YOU away from the boards toward a clearer window near the faceoff circle."
"exp26-u9-001","exp26-u9-001-q4","U9","Passing","support-off-boards","sequence","coaching","Arrange one way to become a target."
"exp26-u9-001","exp26-u9-001-q5","U9","Passing","support-off-boards","choice","coaching","Imagine Gold1 follows into your new window. What might help?"
"exp26-u9-001","exp26-u9-001-q6","U9","Passing","support-off-boards","explain","coaching","How did leaving the boards change the passing picture?"
"exp26-u9-001","exp26-u9-001-q7","U9","Passing","support-off-boards","choice","coaching","No window opens for YOU right now. What is a fair read?"
"exp26-u9-001","exp26-u9-001-q8","U9","Passing","support-off-boards","multi","coaching","What two players must YOU read after moving?"
"exp26-u9-001","exp26-u9-001-q9","U9","Passing","support-off-boards","position","coaching","Place YOU closer to Navy2 for a shorter pass, off the boards."
"exp26-u9-001","exp26-u9-001-q10","U9","Passing","support-off-boards","explain","coaching","Why is the faceoff circle only a search area?"
"exp26-u9-002","exp26-u9-002-q1","U9","Off-puck support","support-spacing","choice","scene","Which navy player is closest to Navy2?"
"exp26-u9-002","exp26-u9-002-q2","U9","Off-puck support","support-spacing","multi","coaching","What might extra separation give Navy2?"
"exp26-u9-002","exp26-u9-002-q3","U9","Off-puck support","support-spacing","position","coaching","Move YOU into separate space while keeping Navy2 in view."
"exp26-u9-002","exp26-u9-002-q4","U9","Off-puck support","support-spacing","sequence","coaching","Arrange a spacing check."
"exp26-u9-002","exp26-u9-002-q5","U9","Off-puck support","support-spacing","choice","coaching","Imagine pressure reaches Navy2 and a short outlet is needed. Should YOU always move farther away?"
"exp26-u9-002","exp26-u9-002-q6","U9","Off-puck support","support-spacing","explain","coaching","Why is more space not the same as going as far away as possible?"
"exp26-u9-002","exp26-u9-002-q7","U9","Off-puck support","support-spacing","choice","coaching","Imagine Gold1 skates across to the same side of Navy2 as YOU. What is a useful first response?"
"exp26-u9-002","exp26-u9-002-q8","U9","Off-puck support","support-spacing","multi","coaching","What two relationships should shape your spacing?"
"exp26-u9-002","exp26-u9-002-q9","U9","Off-puck support","support-spacing","position","coaching","Place YOU on the side of Navy2 away from Gold1, with room for Navy2 to handle the puck."
"exp26-u9-002","exp26-u9-002-q10","U9","Off-puck support","support-spacing","explain","coaching","How can Navy3 change your support choice?"
"exp26-u9-003","exp26-u9-003-q1","U9","Passing","near-far-support","choice","scene","Which teammate is nearer YOU?"
"exp26-u9-003","exp26-u9-003-q2","U9","Passing","near-far-support","choice","scene","Where is Gold1 standing in this picture?"
"exp26-u9-003","exp26-u9-003-q3","U9","Passing","near-far-support","multi","coaching","What should you compare besides distance?"
"exp26-u9-003","exp26-u9-003-q4","U9","Passing","near-far-support","position","coaching","Move YOU a little to inspect a different passing angle."
"exp26-u9-003","exp26-u9-003-q5","U9","Passing","near-far-support","choice","coaching","Imagine Gold2 closes Navy3's line before you pass. What could you do?"
"exp26-u9-003","exp26-u9-003-q6","U9","Passing","near-far-support","explain","coaching","Why might the farther teammate be worth a look here?"
"exp26-u9-003","exp26-u9-003-q7","U9","Passing","near-far-support","choice","coaching","Imagine Gold1 moves off the line to Navy2 and comes at YOU from the side. What can change?"
"exp26-u9-003","exp26-u9-003-q8","U9","Passing","near-far-support","multi","coaching","Which two checks help YOU judge a pass to Navy3?"
"exp26-u9-003","exp26-u9-003-q9","U9","Passing","near-far-support","position","coaching","Place YOU where the puck has more room from Gold1 and both teammates stay ahead of YOU."
"exp26-u9-003","exp26-u9-003-q10","U9","Passing","near-far-support","explain","coaching","If both teammates were covered, what could YOU do with the puck instead?"
"exp26-u9-004","exp26-u9-004-q1","U9","Scanning","receive-rescan","choice","scene","Where did YOU receive the puck?"
"exp26-u9-004","exp26-u9-004-q2","U9","Scanning","receive-rescan","multi","coaching","Which locations are useful to update now?"
"exp26-u9-004","exp26-u9-004-q3","U9","Scanning","receive-rescan","sequence","coaching","Arrange one receive-and-read routine."
"exp26-u9-004","exp26-u9-004-q4","U9","Scanning","receive-rescan","position","coaching","Move YOU a little toward centre ice to inspect the support picture."
"exp26-u9-004","exp26-u9-004-q5","U9","Scanning","receive-rescan","choice","coaching","Imagine Navy3 leaves the boards before your next action. What should change?"
"exp26-u9-004","exp26-u9-004-q6","U9","Scanning","receive-rescan","explain","coaching","What did you need to learn again after receiving?"
"exp26-u9-004","exp26-u9-004-q7","U9","Scanning","receive-rescan","choice","coaching","Gold1 stands almost in the line from the puck to Navy2. Which navy option is clearer right now?"
"exp26-u9-004","exp26-u9-004-q8","U9","Scanning","receive-rescan","multi","coaching","Which two facts about the gold players matter most right now?"
"exp26-u9-004","exp26-u9-004-q9","U9","Scanning","receive-rescan","position","coaching","Place YOU where there is more room from Gold1 before choosing an option."
"exp26-u9-004","exp26-u9-004-q10","U9","Scanning","receive-rescan","explain","coaching","Why can the picture change between a pass leaving and the puck arriving?"
"exp26-u9-005","exp26-u9-005-q1","U9","Puck control","board-side-puck-control","choice","scene","Which teammate is farther from the side boards?"
"exp26-u9-005","exp26-u9-005-q2","U9","Puck control","board-side-puck-control","multi","coaching","Which two things deserve a look before moving?"
"exp26-u9-005","exp26-u9-005-q3","U9","Puck control","board-side-puck-control","position","coaching","Explore a little inside space while keeping Navy2 available."
"exp26-u9-005","exp26-u9-005-q4","U9","Puck control","board-side-puck-control","sequence","coaching","Arrange a careful control check."
"exp26-u9-005","exp26-u9-005-q5","U9","Puck control","board-side-puck-control","choice","coaching","Imagine Gold1 moves inside instead. Should you keep using the same inside spot?"
"exp26-u9-005","exp26-u9-005-q6","U9","Puck control","board-side-puck-control","explain","coaching","How do the boards change the room you can use?"
"exp26-u9-005","exp26-u9-005-q7","U9","Puck control","board-side-puck-control","choice","coaching","Gold1 stands between YOU and the net. Where does the open route to Navy2 run?"
"exp26-u9-005","exp26-u9-005-q8","U9","Puck control","board-side-puck-control","multi","coaching","What two things happen if YOU keep going toward the corner?"
"exp26-u9-005","exp26-u9-005-q9","U9","Puck control","board-side-puck-control","position","coaching","Move Navy2 closer to give YOU a short, clear outlet."
"exp26-u9-005","exp26-u9-005-q10","U9","Puck control","board-side-puck-control","explain","coaching","What would YOU say out loud to Navy2 from this spot?"
"exp26-u9-006","exp26-u9-006-q1","U9","Scanning","corner-pickup-scan","choice","scene","What is the puck's state at this freeze?"
"exp26-u9-006","exp26-u9-006-q2","U9","Scanning","corner-pickup-scan","multi","coaching","What could YOU find before the pickup?"
"exp26-u9-006","exp26-u9-006-q3","U9","Scanning","corner-pickup-scan","choice","coaching","You spotted Gold1 and Navy2 before moving. When should you look for them again?"
"exp26-u9-006","exp26-u9-006-q4","U9","Scanning","corner-pickup-scan","position","coaching","Show a nearby approach point while keeping the pressure side in mind."
"exp26-u9-006","exp26-u9-006-q5","U9","Scanning","corner-pickup-scan","choice","coaching","Imagine Gold1 moves to the boards side. What should you check again?"
"exp26-u9-006","exp26-u9-006-q6","U9","Scanning","corner-pickup-scan","explain","coaching","Why should finding the puck not be your only job here?"
"exp26-u9-006","exp26-u9-006-q7","U9","Scanning","corner-pickup-scan","explain","coaching","Navy2 sees Gold1 closing from the inside. What could Navy2 call to help YOU before the pickup?"
"exp26-u9-006","exp26-u9-006-q8","U9","Scanning","corner-pickup-scan","multi","coaching","If Gold1 wins the puck before YOU, what could Navy2 do?"
"exp26-u9-006","exp26-u9-006-q9","U9","Scanning","corner-pickup-scan","position","coaching","Move Navy2 to offer a shorter pass along the boards once YOU gain control."
"exp26-u9-006","exp26-u9-006-q10","U9","Scanning","corner-pickup-scan","choice","scene","The puck is near where the side boards curve around the end of the rink. What do we call this area?"
"exp26-u9-007","exp26-u9-007-q1","U9","Receiving","wall-reception-pressure","choice","scene","Do YOU control the puck at this freeze?"
"exp26-u9-007","exp26-u9-007-q2","U9","Receiving","wall-reception-pressure","multi","coaching","What can YOU notice before reception?"
"exp26-u9-007","exp26-u9-007-q3","U9","Receiving","wall-reception-pressure","sequence","coaching","Arrange this declared two-stage activity."
"exp26-u9-007","exp26-u9-007-q4","U9","Receiving","wall-reception-pressure","position","coaching","Show a slightly different receiving angle near the boards."
"exp26-u9-007","exp26-u9-007-q5","U9","Receiving","wall-reception-pressure","choice","coaching","Imagine Gold1 comes along the boards instead. What is a useful response?"
"exp26-u9-007","exp26-u9-007-q6","U9","Receiving","wall-reception-pressure","explain","coaching","What can you do before the puck is yours?"
"exp26-u9-007","exp26-u9-007-q7","U9","Receiving","wall-reception-pressure","choice","coaching","Imagine YOU receive the pass and Gold1 then covers the line back to Navy2. What can YOU do?"
"exp26-u9-007","exp26-u9-007-q8","U9","Receiving","wall-reception-pressure","multi","scene","Which two things does this picture actually show?"
"exp26-u9-007","exp26-u9-007-q9","U9","Receiving","wall-reception-pressure","position","coaching","Place YOU where Navy2 would have a new option away from Gold1, after a pass back."
"exp26-u9-007","exp26-u9-007-q10","U9","Receiving","wall-reception-pressure","explain","coaching","If YOU pass the puck back to Navy2, why would YOU keep skating?"
"exp26-u9-008","exp26-u9-008-q1","U9","Passing","closed-pass-lane","choice","scene","Who stands on the intended line to Navy2?"
"exp26-u9-008","exp26-u9-008-q2","U9","Passing","closed-pass-lane","multi","coaching","Which actions can be explored under this activity rule?"
"exp26-u9-008","exp26-u9-008-q3","U9","Passing","closed-pass-lane","position","coaching","Move YOU to explore room away from the blocked line."
"exp26-u9-008","exp26-u9-008-q4","U9","Passing","closed-pass-lane","sequence","coaching","Arrange one response to a blocked plan."
"exp26-u9-008","exp26-u9-008-q5","U9","Passing","closed-pass-lane","choice","coaching","Imagine Gold1 leaves Navy2's line while Navy2 stays available. Could Navy2 become an option again?"
"exp26-u9-008","exp26-u9-008-q6","U9","Passing","closed-pass-lane","explain","coaching","Why is changing your first plan sometimes useful?"
"exp26-u9-008","exp26-u9-008-q7","U9","Passing","closed-pass-lane","choice","coaching","Gold1 stays on the line to Navy2. Which option does this picture already offer?"
"exp26-u9-008","exp26-u9-008-q8","U9","Passing","closed-pass-lane","multi","scene","Which of these can YOU actually see in this picture?"
"exp26-u9-008","exp26-u9-008-q9","U9","Passing","closed-pass-lane","position","coaching","Move Navy3 to a spot that keeps a clear angle to YOU, away from the line Gold1 covers."
"exp26-u9-008","exp26-u9-008-q10","U9","Passing","closed-pass-lane","explain","coaching","How can a covered lane still be useful information?"
"exp26-u9-009","exp26-u9-009-q1","U9","Possession changes","turnover-recognition","choice","scene","Which team has the puck now?"
"exp26-u9-009","exp26-u9-009-q2","U9","Possession changes","turnover-recognition","multi","scene","Which players should YOU distinguish?"
"exp26-u9-009","exp26-u9-009-q3","U9","Possession changes","turnover-recognition","sequence","coaching","Arrange a simple reset after possession changes."
"exp26-u9-009","exp26-u9-009-q4","U9","Possession changes","turnover-recognition","position","coaching","Find a place nearer the new play where YOU can still see Gold1 and Navy2."
"exp26-u9-009","exp26-u9-009-q5","U9","Possession changes","turnover-recognition","choice","coaching","Imagine Navy2 wins the puck back. What should YOU update first?"
"exp26-u9-009","exp26-u9-009-q6","U9","Possession changes","turnover-recognition","explain","coaching","What mistake could happen if you kept thinking YOU had the puck?"
"exp26-u9-009","exp26-u9-009-q7","U9","Possession changes","turnover-recognition","choice","coaching","Imagine Gold1 keeps the puck and skates toward the end navy defends. What comes first for YOU?"
"exp26-u9-009","exp26-u9-009-q8","U9","Possession changes","turnover-recognition","multi","scene","Which of these does the picture show right now?"
"exp26-u9-009","exp26-u9-009-q9","U9","Possession changes","turnover-recognition","position","coaching","Move YOU to a spot between Gold1 and the end navy defends."
"exp26-u9-009","exp26-u9-009-q10","U9","Possession changes","turnover-recognition","explain","coaching","Navy2 is across the ice from YOU. How can that change what YOU watch and what Navy2 watches?"
"exp26-u9-010","exp26-u9-010-q1","U9","Skating awareness","backward-view-awareness","choice","scene","Which way does the coach say YOU are moving?"
"exp26-u9-010","exp26-u9-010-q2","U9","Skating awareness","backward-view-awareness","choice","scene","Which player is ahead of the way YOU face?"
"exp26-u9-010","exp26-u9-010-q3","U9","Skating awareness","backward-view-awareness","multi","coaching","What can this exercise ask you to notice?"
"exp26-u9-010","exp26-u9-010-q4","U9","Skating awareness","backward-view-awareness","position","coaching","Show another practice position a little farther back while facing the play."
"exp26-u9-010","exp26-u9-010-q5","U9","Skating awareness","backward-view-awareness","choice","coaching","Imagine Gold1 changes direction. What could you do before another movement?"
"exp26-u9-010","exp26-u9-010-q6","U9","Skating awareness","backward-view-awareness","explain","coaching","What is different about facing a direction and moving in that direction?"
"exp26-u9-010","exp26-u9-010-q7","U9","Skating awareness","backward-view-awareness","choice","coaching","Gold1 gets too close for comfortable backward movement. What could help in this practice?"
"exp26-u9-010","exp26-u9-010-q8","U9","Skating awareness","backward-view-awareness","multi","coaching","What should YOU check when turning to move back faster?"
"exp26-u9-010","exp26-u9-010-q9","U9","Skating awareness","backward-view-awareness","position","coaching","Move Navy2 to a waiting spot behind YOU that leaves the straight retreat lane clear."
"exp26-u9-010","exp26-u9-010-q10","U9","Skating awareness","backward-view-awareness","explain","coaching","How could Navy2 help YOU notice space behind without taking over your looking?"
"exp26-u9-011","exp26-u9-011-q1","U9","Possession changes","blocked-pass-loose-puck","choice","scene","Did the pass finish with YOU controlling it?"
"exp26-u9-011","exp26-u9-011-q2","U9","Possession changes","blocked-pass-loose-puck","multi","scene","Which facts are present now?"
"exp26-u9-011","exp26-u9-011-q3","U9","Possession changes","blocked-pass-loose-puck","sequence","scene","Order the supplied puck events."
"exp26-u9-011","exp26-u9-011-q4","U9","Possession changes","blocked-pass-loose-puck","position","coaching","Show a nearby place from which YOU could approach the loose puck."
"exp26-u9-011","exp26-u9-011-q5","U9","Possession changes","blocked-pass-loose-puck","choice","coaching","Imagine Gold1 controls it first. Which plan needs to change?"
"exp26-u9-011","exp26-u9-011-q6","U9","Possession changes","blocked-pass-loose-puck","explain","coaching","Why is an attempted pass different from a completed pass?"
"exp26-u9-011","exp26-u9-011-q7","U9","Possession changes","blocked-pass-loose-puck","multi","coaching","If Gold1 controls the loose puck first, which responses could help Navy defend?"
"exp26-u9-011","exp26-u9-011-q8","U9","Possession changes","blocked-pass-loose-puck","multi","scene","Which statements does the briefing actually tell us?"
"exp26-u9-011","exp26-u9-011-q9","U9","Possession changes","blocked-pass-loose-puck","position","coaching","Move Navy2 closer to YOU to offer support if YOU collect the puck."
"exp26-u9-011","exp26-u9-011-q10","U9","Possession changes","blocked-pass-loose-puck","explain","coaching","After YOU collect it, why might a pass back to Navy2 help against Gold2 ahead?"
"exp26-u9-012","exp26-u9-012-q1","U9","Off-puck support","support-under-double-pressure","choice","scene","How many gold players are close to Navy2?"
"exp26-u9-012","exp26-u9-012-q2","U9","Off-puck support","support-under-double-pressure","multi","scene","Which players are navy support without the puck?"
"exp26-u9-012","exp26-u9-012-q3","U9","Off-puck support","support-under-double-pressure","position","coaching","Explore another outlet angle behind the concentrated pressure."
"exp26-u9-012","exp26-u9-012-q4","U9","Off-puck support","support-under-double-pressure","sequence","coaching","Arrange one support response to this crowding."
"exp26-u9-012","exp26-u9-012-q5","U9","Off-puck support","support-under-double-pressure","choice","coaching","Imagine Gold2 leaves Navy2 to cover YOU. What should you notice?"
"exp26-u9-012","exp26-u9-012-q6","U9","Off-puck support","support-under-double-pressure","explain","coaching","How might helping Navy2 differ from skating beside Navy2?"
"exp26-u9-012","exp26-u9-012-q7","U9","Off-puck support","support-under-double-pressure","choice","coaching","If Gold2 shifts across to Gold1's side of Navy2, which space could open?"
"exp26-u9-012","exp26-u9-012-q8","U9","Off-puck support","support-under-double-pressure","multi","scene","Which two things are true in this freeze?"
"exp26-u9-012","exp26-u9-012-q9","U9","Off-puck support","support-under-double-pressure","position","coaching","Move Navy3 to a support spot on the opposite side from YOU, behind the two gold players."
"exp26-u9-012","exp26-u9-012-q10","U9","Off-puck support","support-under-double-pressure","explain","coaching","What could tell YOU that your support spot is no longer useful?"
"exp26-u9-013","exp26-u9-013-q1","U9","Game routines","half-ice-shift-change","choice","scene","Who must release the puck at this instant?"
"exp26-u9-013","exp26-u9-013-q2","U9","Game routines","half-ice-shift-change","multi","coaching","Which instructions belong to this named routine?"
"exp26-u9-013","exp26-u9-013-q3","U9","Game routines","half-ice-shift-change","sequence","scene","Arrange the declared change sequence."
"exp26-u9-013","exp26-u9-013-q4","U9","Game routines","half-ice-shift-change","choice","scene","Does the whole game stop for this stated change?"
"exp26-u9-013","exp26-u9-013-q5","U9","Game routines","half-ice-shift-change","choice","coaching","Imagine a different practice says whistle means stop and listen. Which instruction applies there?"
"exp26-u9-013","exp26-u9-013-q6","U9","Game routines","half-ice-shift-change","explain","coaching","How can you know which whistle routine the coach is using?"
"exp26-u9-013","exp26-u9-013-q7","U9","Game routines","half-ice-shift-change","choice","coaching","For the next branch, imagine Gold1 reaches the puck after YOU release it. In this change routine, what should YOU do?"
"exp26-u9-013","exp26-u9-013-q8","U9","Game routines","half-ice-shift-change","multi","coaching","What helps the next unit take its turn in this activity?"
"exp26-u9-013","exp26-u9-013-q9","U9","Game routines","half-ice-shift-change","choice","scene","The picture does not show the bench or the waiting area. What does it show right now?"
"exp26-u9-013","exp26-u9-013-q10","U9","Game routines","half-ice-shift-change","explain","coaching","Why should YOU leave after the signal even when the attacking end is nearby?"
"exp26-u9-014","exp26-u9-014-q1","U9","Game routines","half-ice-goalie-restart","choice","scene","Who controls the restart puck in the current picture?"
"exp26-u9-014","exp26-u9-014-q2","U9","Game routines","half-ice-goalie-restart","choice","scene","What named area is beside this restart?"
"exp26-u9-014","exp26-u9-014-q3","U9","Game routines","half-ice-goalie-restart","sequence","scene","Order the stated restart events."
"exp26-u9-014","exp26-u9-014-q4","U9","Game routines","half-ice-goalie-restart","position","coaching","Move YOU away to give the restarting team room."
"exp26-u9-014","exp26-u9-014-q5","U9","Game routines","half-ice-goalie-restart","multi","coaching","What should YOU pay attention to before resuming?"
"exp26-u9-014","exp26-u9-014-q6","U9","Game routines","half-ice-goalie-restart","explain","coaching","Why do you need to give Gold1 room before play continues?"
"exp26-u9-014","exp26-u9-014-q7","U9","Game routines","half-ice-goalie-restart","choice","coaching","Gold1 starts moving with the restart puck while YOU are still backing away. What guides YOUR next action?"
"exp26-u9-014","exp26-u9-014-q8","U9","Game routines","half-ice-goalie-restart","multi","coaching","During the retreat, what should YOU keep track of?"
"exp26-u9-014","exp26-u9-014-q9","U9","Game routines","half-ice-goalie-restart","choice","scene","Which net does gold attack in this activity?"
"exp26-u9-014","exp26-u9-014-q10","U9","Game routines","half-ice-goalie-restart","explain","coaching","Why should a whistle make you reset your read?"
"exp26-u9-015","exp26-u9-015-q1","U9","Off-puck support","give-and-go-window","choice","scene","Which player controls the puck near the circle centre?"
"exp26-u9-015","exp26-u9-015-q2","U9","Off-puck support","give-and-go-window","multi","scene","What changed after YOUR pass?"
"exp26-u9-015","exp26-u9-015-q3","U9","Off-puck support","give-and-go-window","position","coaching","Move YOU to a new angle off the old return line."
"exp26-u9-015","exp26-u9-015-q4","U9","Off-puck support","give-and-go-window","sequence","coaching","Arrange one pass-and-help-again routine."
"exp26-u9-015","exp26-u9-015-q5","U9","Off-puck support","give-and-go-window","choice","coaching","Imagine Navy2 has room to carry instead of returning the puck. Must Navy2 pass back?"
"exp26-u9-015","exp26-u9-015-q6","U9","Off-puck support","give-and-go-window","explain","coaching","How can the faceoff circle help you describe your new support place?"
"exp26-u9-015","exp26-u9-015-q7","U9","Off-puck support","give-and-go-window","choice","coaching","If Gold1 closes the circle return lane, what can YOU offer?"
"exp26-u9-015","exp26-u9-015-q8","U9","Off-puck support","give-and-go-window","multi","scene","Which two navy players shape the new support read?"
"exp26-u9-015","exp26-u9-015-q9","U9","Off-puck support","give-and-go-window","position","coaching","Place YOU closer to the gold net, away from the side boards where Navy3 already waits."
"exp26-u9-015","exp26-u9-015-q10","U9","Off-puck support","give-and-go-window","explain","coaching","Why can Navy3 change what YOU do after the pass?"
"exp26b-u9-001","exp26b-u9-001-q1","U9","Passing","corner-support","choice","scene","Who has the puck?"
"exp26b-u9-001","exp26b-u9-001-q2","U9","Passing","corner-support","multi","scene","What can YOU see about the first pass line?"
"exp26b-u9-001","exp26b-u9-001-q3","U9","Passing","corner-support","position","coaching","Place YOU in the open ice in front of the gold net, on a new angle to Navy2."
"exp26b-u9-001","exp26b-u9-001-q4","U9","Passing","corner-support","sequence","coaching","Arrange the corner support read."
"exp26b-u9-001","exp26b-u9-001-q5","U9","Passing","corner-support","choice","coaching","Gold1 follows YOU and blocks the new pass line. What could YOU do?"
"exp26b-u9-001","exp26b-u9-001-q6","U9","Passing","corner-support","explain","coaching","Why leave the direct corner line?"
"exp26b-u9-002","exp26b-u9-002-q1","U9","Off-puck support","support-spacing","choice","scene","Who carries the puck?"
"exp26b-u9-002","exp26b-u9-002-q2","U9","Off-puck support","support-spacing","multi","coaching","What can useful separation give Navy2?"
"exp26b-u9-002","exp26b-u9-002-q3","U9","Off-puck support","support-spacing","position","coaching","Place YOU farther from Navy2, still on YOUR side of the ice, with Navy2 in view."
"exp26b-u9-002","exp26b-u9-002-q4","U9","Off-puck support","support-spacing","sequence","coaching","Arrange a spacing check."
"exp26b-u9-002","exp26b-u9-002-q5","U9","Off-puck support","support-spacing","choice","coaching","Gold1 closes on Navy2. What is the most useful thing YOU can do?"
"exp26b-u9-002","exp26b-u9-002-q6","U9","Off-puck support","support-spacing","explain","coaching","Why is spacing about help, not distance alone?"
"exp26b-u9-003","exp26b-u9-003-q1","U9","Puck recovery","loose-puck-recovery","choice","scene","Who owns the loose puck?"
"exp26b-u9-003","exp26b-u9-003-q2","U9","Puck recovery","loose-puck-recovery","multi","scene","What should YOU scan for?"
"exp26b-u9-003","exp26b-u9-003-q3","U9","Puck recovery","loose-puck-recovery","position","coaching","Place YOU beside the puck while keeping Gold1 visible."
"exp26b-u9-003","exp26b-u9-003-q4","U9","Puck recovery","loose-puck-recovery","sequence","coaching","Arrange the recovery decision."
"exp26b-u9-003","exp26b-u9-003-q5","U9","Puck recovery","loose-puck-recovery","choice","coaching","Gold1 arrives beside the puck first. What changes?"
"exp26b-u9-003","exp26b-u9-003-q6","U9","Puck recovery","loose-puck-recovery","explain","coaching","Why scan before touching a loose puck?"
"exp26b-u9-004","exp26b-u9-004-q1","U9","Defending","transition-defending","choice","scene","Who has the puck after the turnover?"
"exp26b-u9-004","exp26b-u9-004-q2","U9","Defending","transition-defending","multi","coaching","What should guide YOUR recovery?"
"exp26b-u9-004","exp26b-u9-004-q3","U9","Defending","transition-defending","position","coaching","Place YOU inside the play, between Gold1 and the navy end."
"exp26b-u9-004","exp26b-u9-004-q4","U9","Defending","transition-defending","sequence","coaching","Arrange the recovery read."
"exp26b-u9-004","exp26b-u9-004-q5","U9","Defending","transition-defending","choice","coaching","Gold1 cuts wide, toward the boards. What should YOU update?"
"exp26b-u9-004","exp26b-u9-004-q6","U9","Defending","transition-defending","explain","coaching","Why can a turnover change your job right away?"
"exp26b-u9-005","exp26b-u9-005-q1","U9","Defending","backward-skating-awareness","choice","scene","Who carries the puck toward YOU?"
"exp26b-u9-005","exp26b-u9-005-q2","U9","Defending","backward-skating-awareness","multi","coaching","What should YOU keep in view?"
"exp26b-u9-005","exp26b-u9-005-q3","U9","Defending","backward-skating-awareness","position","coaching","Place YOU between Gold1 and Navy2 while facing Gold1."
"exp26b-u9-005","exp26b-u9-005-q4","U9","Defending","backward-skating-awareness","sequence","coaching","Arrange the moving awareness read."
"exp26b-u9-005","exp26b-u9-005-q5","U9","Defending","backward-skating-awareness","choice","coaching","Gold1 passes toward the side. What should YOU do?"
"exp26b-u9-005","exp26b-u9-005-q6","U9","Defending","backward-skating-awareness","explain","coaching","Why does facing the play help while moving back?"
"exp26b-u9-006","exp26b-u9-006-q1","U9","Puck control","reception-pressure","choice","scene","Who has the puck before the pass?"
"exp26b-u9-006","exp26b-u9-006-q2","U9","Puck control","reception-pressure","multi","scene","What should YOU check before showing for it?"
"exp26b-u9-006","exp26b-u9-006-q3","U9","Puck control","reception-pressure","position","coaching","Place YOU farther from Gold1 while staying available to Navy2."
"exp26b-u9-006","exp26b-u9-006-q4","U9","Puck control","reception-pressure","sequence","coaching","Arrange the reception read."
"exp26b-u9-006","exp26b-u9-006-q5","U9","Puck control","reception-pressure","choice","coaching","Gold1 steps into your new target. What should Navy2 consider?"
"exp26b-u9-006","exp26b-u9-006-q6","U9","Puck control","reception-pressure","explain","coaching","Why is the planned pass not a promise?"
"exp26b-u9-007","exp26b-u9-007-q1","U9","Off-puck support","post-pass-support","choice","scene","Who has the puck now?"
"exp26b-u9-007","exp26b-u9-007-q2","U9","Off-puck support","post-pass-support","multi","scene","What shapes YOUR new support read?"
"exp26b-u9-007","exp26b-u9-007-q3","U9","Off-puck support","post-pass-support","position","coaching","Place YOU on Navy3's side of the ice to support Navy2."
"exp26b-u9-007","exp26b-u9-007-q4","U9","Off-puck support","post-pass-support","sequence","coaching","Arrange the post-pass support read."
"exp26b-u9-007","exp26b-u9-007-q5","U9","Off-puck support","post-pass-support","choice","coaching","Gold1 blocks YOUR new pass line. What could Navy2 use?"
"exp26b-u9-007","exp26b-u9-007-q6","U9","Off-puck support","post-pass-support","explain","coaching","Why should YOU move after the pass?"
"exp26b-u9-008","exp26b-u9-008-q1","U9","Puck control","board-puck-protection","choice","scene","Who controls the puck?"
"exp26b-u9-008","exp26b-u9-008-q2","U9","Puck control","board-puck-protection","multi","scene","What should shape your next touch?"
"exp26b-u9-008","exp26b-u9-008-q3","U9","Puck control","board-puck-protection","position","coaching","Move YOU farther from Gold1 while keeping track of the defender."
"exp26b-u9-008","exp26b-u9-008-q4","U9","Puck control","board-puck-protection","sequence","coaching","Arrange one puck-protection read."
"exp26b-u9-008","exp26b-u9-008-q5","U9","Puck control","board-puck-protection","choice","coaching","Gold1 moves to cover the route toward the side boards. What could YOU try?"
"exp26b-u9-008","exp26b-u9-008-q6","U9","Puck control","board-puck-protection","explain","coaching","How can YOU protect the puck while looking for Navy2?"
"exp26b-u9-009","exp26b-u9-009-q1","U9","Passing","middle-support","choice","scene","Who has the puck?"
"exp26b-u9-009","exp26b-u9-009-q2","U9","Passing","middle-support","multi","scene","Which players affect the first pass?"
"exp26b-u9-009","exp26b-u9-009-q3","U9","Passing","middle-support","position","coaching","Place YOU in the middle with Navy2 still visible."
"exp26b-u9-009","exp26b-u9-009-q4","U9","Passing","middle-support","sequence","coaching","Arrange the middle-option read."
"exp26b-u9-009","exp26b-u9-009-q5","U9","Passing","middle-support","choice","coaching","Gold1 moves with YOU toward the middle. What could change?"
"exp26b-u9-009","exp26b-u9-009-q6","U9","Passing","middle-support","explain","coaching","Why can moving change a passing lane?"
"exp26b-u9-010","exp26b-u9-010-q1","U9","Off-puck support","breakout-support","choice","scene","Who has the puck in the defending end?"
"exp26b-u9-010","exp26b-u9-010-q2","U9","Off-puck support","breakout-support","multi","scene","Which details help YOU support?"
"exp26b-u9-010","exp26b-u9-010-q3","U9","Off-puck support","breakout-support","position","coaching","Place YOU closer to the side boards on a different angle from Navy2."
"exp26b-u9-010","exp26b-u9-010-q4","U9","Off-puck support","breakout-support","sequence","coaching","Arrange the breakout support read."
"exp26b-u9-010","exp26b-u9-010-q5","U9","Off-puck support","breakout-support","choice","coaching","Gold1 moves into YOUR outlet lane. What might Navy2 use?"
"exp26b-u9-010","exp26b-u9-010-q6","U9","Off-puck support","breakout-support","explain","coaching","Why can a board-side outlet help Navy2?"
"exp26b-u9-011","exp26b-u9-011-q1","U9","Puck recovery","blocked-pass-recovery","choice","scene","Who owns the puck after the block?"
"exp26b-u9-011","exp26b-u9-011-q2","U9","Puck recovery","blocked-pass-recovery","multi","scene","What should YOU check before reaching?"
"exp26b-u9-011","exp26b-u9-011-q3","U9","Puck recovery","blocked-pass-recovery","position","coaching","Place YOU near the loose puck and check Gold1 before the next touch."
"exp26b-u9-011","exp26b-u9-011-q4","U9","Puck recovery","blocked-pass-recovery","sequence","coaching","Arrange the blocked-pass recovery."
"exp26b-u9-011","exp26b-u9-011-q5","U9","Puck recovery","blocked-pass-recovery","choice","coaching","Gold1 controls the puck before YOU arrive. What changes?"
"exp26b-u9-011","exp26b-u9-011-q6","U9","Puck recovery","blocked-pass-recovery","explain","coaching","Why can the old pass plan disappear?"
"exp26b-u9-012","exp26b-u9-012-q1","U9","Defending","defensive-support","choice","scene","Who has the puck?"
"exp26b-u9-012","exp26b-u9-012-q2","U9","Defending","defensive-support","multi","scene","Who should YOU keep in view?"
"exp26b-u9-012","exp26b-u9-012-q3","U9","Defending","defensive-support","position","coaching","Move YOU toward the middle to help Navy2 while tracking Gold2."
"exp26b-u9-012","exp26b-u9-012-q4","U9","Defending","defensive-support","sequence","coaching","Arrange the away-side support read."
"exp26b-u9-012","exp26b-u9-012-q5","U9","Defending","defensive-support","choice","coaching","Gold2 cuts toward the puck side. What changes for YOU?"
"exp26b-u9-012","exp26b-u9-012-q6","U9","Defending","defensive-support","explain","coaching","Why can the far-side player matter?"
"exp26b-u9-013","exp26b-u9-013-q1","U9","Transition","role-change-recovery","choice","scene","Who has the puck after the loss?"
"exp26b-u9-013","exp26b-u9-013-q2","U9","Transition","role-change-recovery","multi","scene","What should YOU notice now?"
"exp26b-u9-013","exp26b-u9-013-q3","U9","Transition","role-change-recovery","position","coaching","Place YOU between Gold1 and the navy end while keeping Navy3 visible."
"exp26b-u9-013","exp26b-u9-013-q4","U9","Transition","role-change-recovery","sequence","coaching","Arrange the role-change response."
"exp26b-u9-013","exp26b-u9-013-q5","U9","Transition","role-change-recovery","choice","coaching","Gold1 cuts toward the side away from Navy3. What could YOU do?"
"exp26b-u9-013","exp26b-u9-013-q6","U9","Transition","role-change-recovery","explain","coaching","Why does the loss change your role?"
"exp26b-u9-014","exp26b-u9-014-q1","U9","Rink awareness","circle-search","choice","scene","Which painted area are YOU inside?"
"exp26b-u9-014","exp26b-u9-014-q2","U9","Rink awareness","circle-search","multi","scene","What should YOU check around the circle?"
"exp26b-u9-014","exp26b-u9-014-q3","U9","Rink awareness","circle-search","position","coaching","Place YOU near the circle with Navy2 visible."
"exp26b-u9-014","exp26b-u9-014-q4","U9","Rink awareness","circle-search","sequence","coaching","Arrange the circle search."
"exp26b-u9-014","exp26b-u9-014-q5","U9","Rink awareness","circle-search","choice","coaching","Gold1 moves across the circle. What should guide your choice?"
"exp26b-u9-014","exp26b-u9-014-q6","U9","Rink awareness","circle-search","explain","coaching","How can the circle help without deciding the play?"
"exp26b-u9-015","exp26b-u9-015-q1","U9","Passing","return-lane-change","choice","scene","Who controls the puck now?"
"exp26b-u9-015","exp26b-u9-015-q2","U9","Passing","return-lane-change","multi","scene","What shapes the new support read?"
"exp26b-u9-015","exp26b-u9-015-q3","U9","Passing","return-lane-change","position","coaching","Place YOU on Navy3's side of the ice, on a new angle to Navy2."
"exp26b-u9-015","exp26b-u9-015-q4","U9","Passing","return-lane-change","sequence","coaching","Arrange the closed-lane response."
"exp26b-u9-015","exp26b-u9-015-q5","U9","Passing","return-lane-change","choice","coaching","Gold1 blocks YOUR new pass line. What could Navy2 do?"
"exp26b-u9-015","exp26b-u9-015-q6","U9","Passing","return-lane-change","explain","coaching","Why does a completed pass still need another read?"
"exp26-u11-001","exp26-u11-001-q1","U11","Scanning","retrieval-scan","choice","scene","What is true about possession at this freeze?"
"exp26-u11-001","exp26-u11-001-q2","U11","Scanning","retrieval-scan","multi","coaching","Which two things would help YOU plan the pickup?"
"exp26-u11-001","exp26-u11-001-q3","U11","Scanning","retrieval-scan","sequence","coaching","Arrange this suggested retrieval plan."
"exp26-u11-001","exp26-u11-001-q4","U11","Scanning","retrieval-scan","position","coaching","Move YOU to an approach point that leaves a view toward F2."
"exp26-u11-001","exp26-u11-001-q5","U11","Scanning","retrieval-scan","choice","coaching","Suppose D1 closes the middle outlet before the pickup. What could YOU reconsider?"
"exp26-u11-001","exp26-u11-001-q6","U11","Scanning","retrieval-scan","explain","coaching","What would you want to see again just before touching this puck?"
"exp26-u11-001","exp26-u11-001-q7","U11","Scanning","retrieval-scan","choice","coaching","What should you say before reaching the wall-side puck?"
"exp26-u11-001","exp26-u11-001-q8","U11","Scanning","retrieval-scan","multi","coaching","Which two changes would make the first escape less useful?"
"exp26-u11-001","exp26-u11-001-q9","U11","Scanning","retrieval-scan","position","coaching","Move F2 to a middle support point that gives YOU a visible inside lane."
"exp26-u11-001","exp26-u11-001-q10","U11","Scanning","retrieval-scan","explain","coaching","D1 closes on the puck while F2 moves behind the defender. How could YOUR first action change?"
"exp26-u11-002","exp26-u11-002-q1","U11","Receiving","receive-scan","choice","scene","Who still owns the puck before the proposed pass?"
"exp26-u11-002","exp26-u11-002-q2","U11","Receiving","receive-scan","multi","coaching","Which information matters before YOU turn up ice?"
"exp26-u11-002","exp26-u11-002-q3","U11","Receiving","receive-scan","sequence","coaching","Order this receiving-and-next-read suggestion."
"exp26-u11-002","exp26-u11-002-q4","U11","Receiving","receive-scan","position","coaching","Move YOU to a receiving spot that separates you from D1."
"exp26-u11-002","exp26-u11-002-q5","U11","Receiving","receive-scan","choice","coaching","If D1 stays far back and the lane ahead remains open after reception, what becomes an option?"
"exp26-u11-002","exp26-u11-002-q6","U11","Receiving","receive-scan","explain","coaching","Why is facing the passer not enough information for this reception?"
"exp26-u11-002","exp26-u11-002-q7","U11","Receiving","receive-scan","choice","coaching","What should YOU learn before F1 releases the pass?"
"exp26-u11-002","exp26-u11-002-q8","U11","Receiving","receive-scan","multi","coaching","Which two signs support receiving away from D1?"
"exp26-u11-002","exp26-u11-002-q9","U11","Receiving","receive-scan","position","coaching","Move YOU to a shoulder that opens F1's lane and leaves D1 inside."
"exp26-u11-002","exp26-u11-002-q10","U11","Receiving","receive-scan","explain","coaching","D1 reaches your inside shoulder as the puck arrives. Explain the changed reception and next scan."
"exp26-u11-003","exp26-u11-003-q1","U11","Support","support-angle","choice","scene","Which player stands on the direct line between F1 and YOU?"
"exp26-u11-003","exp26-u11-003-q2","U11","Support","support-angle","multi","coaching","What could make your support more useful?"
"exp26-u11-003","exp26-u11-003-q3","U11","Support","support-angle","sequence","coaching","Arrange a simple re-offer routine."
"exp26-u11-003","exp26-u11-003-q4","U11","Support","support-angle","position","coaching","Move YOU away from D1’s current passing shadow."
"exp26-u11-003","exp26-u11-003-q5","U11","Support","support-angle","choice","coaching","Suppose D1 follows your new route. What is a useful next read?"
"exp26-u11-003","exp26-u11-003-q6","U11","Support","support-angle","explain","coaching","How would you tell the difference between “closer” and “more available” here?"
"exp26-u11-003","exp26-u11-003-q7","U11","Support","support-angle","choice","coaching","What is the useful communication after D1 blocks the first line?"
"exp26-u11-003","exp26-u11-003-q8","U11","Support","support-angle","multi","coaching","Which two responses could follow D1's reaction to your re-offer?"
"exp26-u11-003","exp26-u11-003-q9","U11","Support","support-angle","position","coaching","Move YOU across the blocked line into a visible support angle."
"exp26-u11-003","exp26-u11-003-q10","U11","Support","support-angle","explain","coaching","F1 carries while D1 follows you. Explain the value of your movement."
"exp26-u11-004","exp26-u11-004-q1","U11","Passing","pass-and-support","choice","scene","What changed when the stated pass finished?"
"exp26-u11-004","exp26-u11-004-q2","U11","Passing","pass-and-support","multi","coaching","Which choices keep YOU involved without owning the puck?"
"exp26-u11-004","exp26-u11-004-q3","U11","Passing","pass-and-support","sequence","coaching","Arrange this suggested continuation after reception."
"exp26-u11-004","exp26-u11-004-q4","U11","Passing","pass-and-support","position","coaching","Move YOU to offer a new return angle for F2."
"exp26-u11-004","exp26-u11-004-q5","U11","Passing","pass-and-support","choice","coaching","If F2 carries forward instead of returning the puck, what could YOU do?"
"exp26-u11-004","exp26-u11-004-q6","U11","Passing","pass-and-support","explain","coaching","What might your movement accomplish even if F2 never passes back?"
"exp26-u11-004","exp26-u11-004-q7","U11","Passing","pass-and-support","choice","coaching","After F2 receives, what should YOU communicate?"
"exp26-u11-004","exp26-u11-004-q8","U11","Passing","pass-and-support","multi","coaching","Which two details decide where to support F2?"
"exp26-u11-004","exp26-u11-004-q9","U11","Passing","pass-and-support","position","coaching","Move YOU to a support point outside the direct return lane between your old position and F2."
"exp26-u11-004","exp26-u11-004-q10","U11","Passing","pass-and-support","explain","coaching","F2 carries toward the middle and D1 turns with F2. What do you do next?"
"exp26-u11-005","exp26-u11-005-q1","U11","Support","reset-support","choice","scene","Which statement describes YOU’s starting position?"
"exp26-u11-005","exp26-u11-005-q2","U11","Support","reset-support","multi","coaching","What should a reset outlet try to provide?"
"exp26-u11-005","exp26-u11-005-q3","U11","Support","reset-support","sequence","coaching","Order this suggested support adjustment."
"exp26-u11-005","exp26-u11-005-q4","U11","Support","reset-support","position","coaching","Move YOU to an outlet behind F1 with space from D1."
"exp26-u11-005","exp26-u11-005-q5","U11","Support","reset-support","choice","coaching","Suppose D2 now moves into your reset lane. What would you reconsider?"
"exp26-u11-005","exp26-u11-005-q6","U11","Support","reset-support","explain","coaching","What would make a backward pass helpful rather than just giving up ground?"
"exp26-u11-005","exp26-u11-005-q7","U11","Support","reset-support","choice","coaching","Why offer space behind F1 in this picture?"
"exp26-u11-005","exp26-u11-005-q8","U11","Support","reset-support","multi","coaching","Which two updates could cancel the reset?"
"exp26-u11-005","exp26-u11-005-q9","U11","Support","reset-support","position","coaching","Move YOU behind F1 with separation from both defenders."
"exp26-u11-005","exp26-u11-005-q10","U11","Support","reset-support","explain","coaching","D2 closes the reset while F1 still has the puck. Explain the next read."
"exp26-u11-006","exp26-u11-006-q1","U11","Shooting","rebound-awareness","choice","scene","Where is the puck relative to the goalie at this freeze?"
"exp26-u11-006","exp26-u11-006-q2","U11","Shooting","rebound-awareness","multi","coaching","Which cues matter for your next approach?"
"exp26-u11-006","exp26-u11-006-q3","U11","Shooting","rebound-awareness","sequence","coaching","Arrange this suggested rebound-read routine."
"exp26-u11-006","exp26-u11-006-q4","U11","Shooting","rebound-awareness","position","coaching","Move YOU to show an approach toward the loose-puck side."
"exp26-u11-006","exp26-u11-006-q5","U11","Shooting","rebound-awareness","choice","coaching","If the goalie covers the puck before YOU arrive, what changes?"
"exp26-u11-006","exp26-u11-006-q6","U11","Shooting","rebound-awareness","explain","coaching","What extra information would you need before predicting a second shot?"
"exp26-u11-006","exp26-u11-006-q7","U11","Shooting","rebound-awareness","choice","coaching","What should YOU call while approaching the rebound?"
"exp26-u11-006","exp26-u11-006-q8","U11","Shooting","rebound-awareness","multi","coaching","Which two changes would alter the rebound plan?"
"exp26-u11-006","exp26-u11-006-q9","U11","Shooting","rebound-awareness","position","coaching","Move YOU toward the loose puck with a different approach from F1."
"exp26-u11-006","exp26-u11-006-q10","U11","Shooting","rebound-awareness","explain","coaching","The goalie covers the puck and the whistle stops play. What changes?"
"exp26-u11-007","exp26-u11-007-q1","U11","Puck control","puck-protection","choice","scene","Which shown player is the immediate opponent near YOU?"
"exp26-u11-007","exp26-u11-007-q2","U11","Puck control","puck-protection","multi","coaching","What would help preserve options during this carry?"
"exp26-u11-007","exp26-u11-007-q3","U11","Puck control","puck-protection","sequence","coaching","Arrange this suggested pressure response."
"exp26-u11-007","exp26-u11-007-q4","U11","Puck control","puck-protection","position","coaching","Move YOU to a possible holding spot away from D1’s current approach."
"exp26-u11-007","exp26-u11-007-q5","U11","Puck control","puck-protection","choice","coaching","If D1 follows toward the wall and F2’s lane opens, what becomes worth checking?"
"exp26-u11-007","exp26-u11-007-q6","U11","Puck control","puck-protection","explain","coaching","How could protecting the puck help F2 become useful?"
"exp26-u11-007","exp26-u11-007-q7","U11","Puck control","puck-protection","choice","coaching","What communication matches this protected carry?"
"exp26-u11-007","exp26-u11-007-q8","U11","Puck control","puck-protection","multi","coaching","Which two cues support holding the outside shoulder?"
"exp26-u11-007","exp26-u11-007-q9","U11","Puck control","puck-protection","position","coaching","Move YOU toward the outside while keeping F2 inside the picture."
"exp26-u11-007","exp26-u11-007-q10","U11","Puck control","puck-protection","explain","coaching","D1 follows outside and F2 opens. Explain the next decision."
"exp26-u11-008","exp26-u11-008-q1","U11","Puck control","change-of-pace","choice","scene","What can this neutral-zone freeze tell you directly?"
"exp26-u11-008","exp26-u11-008-q2","U11","Puck control","change-of-pace","multi","coaching","Which cues could change a carry decision?"
"exp26-u11-008","exp26-u11-008-q3","U11","Puck control","change-of-pace","sequence","coaching","Arrange this suggested open-space read."
"exp26-u11-008","exp26-u11-008-q4","U11","Puck control","change-of-pace","position","coaching","Move YOU into a possible next wide carrying position."
"exp26-u11-008","exp26-u11-008-q5","U11","Puck control","change-of-pace","choice","coaching","Suppose D1 turns and reaches the wide lane before you do. What could YOU change?"
"exp26-u11-008","exp26-u11-008-q6","U11","Puck control","change-of-pace","explain","coaching","What movement would you watch to decide whether to keep carrying?"
"exp26-u11-008","exp26-u11-008-q7","U11","Puck control","change-of-pace","choice","coaching","What would you tell F2 during the open carry?"
"exp26-u11-008","exp26-u11-008-q8","U11","Puck control","change-of-pace","multi","coaching","Which two updates should follow D1's turn?"
"exp26-u11-008","exp26-u11-008-q9","U11","Puck control","change-of-pace","position","coaching","Move YOU farther into the forward lane before D1 closes."
"exp26-u11-008","exp26-u11-008-q10","U11","Puck control","change-of-pace","explain","coaching","D1 reaches the wide lane. How do you keep the play alive?"
"exp26-u11-009","exp26-u11-009-q1","U11","Skating","evasive-route","choice","scene","Which teammate occupies the straight-ahead route from YOU?"
"exp26-u11-009","exp26-u11-009-q2","U11","Skating","evasive-route","multi","coaching","What belongs in this turning decision?"
"exp26-u11-009","exp26-u11-009-q3","U11","Skating","evasive-route","sequence","coaching","Arrange this suggested controlled-turn plan."
"exp26-u11-009","exp26-u11-009-q4","U11","Skating","evasive-route","position","coaching","Move YOU toward a possible turning space beside the traffic."
"exp26-u11-009","exp26-u11-009-q5","U11","Skating","evasive-route","choice","coaching","Suppose F2 moves toward that same outside space. What would help now?"
"exp26-u11-009","exp26-u11-009-q6","U11","Skating","evasive-route","explain","coaching","Why must a turning plan account for a teammate as well as D1?"
"exp26-u11-009","exp26-u11-009-q7","U11","Skating","evasive-route","choice","coaching","What should YOU communicate before turning?"
"exp26-u11-009","exp26-u11-009-q8","U11","Skating","evasive-route","multi","coaching","Which two changes would make the first turn poor?"
"exp26-u11-009","exp26-u11-009-q9","U11","Skating","evasive-route","position","coaching","Move YOU to a side-space entry that avoids F2 and D1."
"exp26-u11-009","exp26-u11-009-q10","U11","Skating","evasive-route","explain","coaching","F2 enters the side space as you begin turning. Explain your adjustment."
"exp26-u11-010","exp26-u11-010-q1","U11","Receiving","receiving-space","choice","scene","Which player is up ice of YOU, closer to the right net?"
"exp26-u11-010","exp26-u11-010-q2","U11","Receiving","receiving-space","multi","coaching","What would you check when choosing where to receive?"
"exp26-u11-010","exp26-u11-010-q3","U11","Receiving","receiving-space","sequence","coaching","Order this suggested reception routine."
"exp26-u11-010","exp26-u11-010-q4","U11","Receiving","receiving-space","position","coaching","Move YOU toward a receiving point with room away from D1."
"exp26-u11-010","exp26-u11-010-q5","U11","Receiving","receiving-space","choice","coaching","If the pass reaches behind YOU instead of the intended spot, what should the plan account for?"
"exp26-u11-010","exp26-u11-010-q6","U11","Receiving","receiving-space","explain","coaching","What could make receiving slightly wider useful in this picture?"
"exp26-u11-010","exp26-u11-010-q7","U11","Receiving","receiving-space","choice","coaching","What should F1 know about your receiving target?"
"exp26-u11-010","exp26-u11-010-q8","U11","Receiving","receiving-space","multi","coaching","Which two details support the wider reception?"
"exp26-u11-010","exp26-u11-010-q9","U11","Receiving","receiving-space","position","coaching","Move YOU to a wider receiving point on the neutral-zone side of D1."
"exp26-u11-010","exp26-u11-010-q10","U11","Receiving","receiving-space","explain","coaching","The puck arrives behind YOU. What do you say and do?"
"exp26-u11-011","exp26-u11-011-q1","U11","Passing","indirect-pass","choice","scene","What makes the direct half-wall pass difficult in this freeze?"
"exp26-u11-011","exp26-u11-011-q2","U11","Passing","indirect-pass","multi","coaching","Which details matter before trying an indirect wall pass?"
"exp26-u11-011","exp26-u11-011-q3","U11","Passing","indirect-pass","sequence","coaching","Arrange this suggested wall-pass planning routine."
"exp26-u11-011","exp26-u11-011-q4","U11","Passing","indirect-pass","position","coaching","Move YOU toward a possible receiving area along the half wall."
"exp26-u11-011","exp26-u11-011-q5","U11","Passing","indirect-pass","choice","coaching","Suppose D1 turns toward the boards before F1 releases. What should F1 and YOU revisit?"
"exp26-u11-011","exp26-u11-011-q6","U11","Passing","indirect-pass","explain","coaching","How is using the half wall different from simply passing through D1?"
"exp26-u11-011","exp26-u11-011-q7","U11","Passing","indirect-pass","choice","coaching","What should YOU communicate before the wall option?"
"exp26-u11-011","exp26-u11-011-q8","U11","Passing","indirect-pass","multi","coaching","Which two cues shape the bank point?"
"exp26-u11-011","exp26-u11-011-q9","U11","Passing","indirect-pass","position","coaching","Move YOU farther along the wall beyond D1."
"exp26-u11-011","exp26-u11-011-q10","U11","Passing","indirect-pass","explain","coaching","D1 turns to the wall before the pass. Explain what you recheck."
"exp26-u11-012","exp26-u11-012-q1","U11","Puck control","missed-reception","choice","scene","Which point should the recovery plan respond to?"
"exp26-u11-012","exp26-u11-012-q2","U11","Puck control","missed-reception","multi","coaching","Which questions would help YOU recover usefully?"
"exp26-u11-012","exp26-u11-012-q3","U11","Puck control","missed-reception","sequence","coaching","Arrange this suggested response to the missed pass."
"exp26-u11-012","exp26-u11-012-q4","U11","Puck control","missed-reception","position","coaching","Move YOU to show an approach toward the actual loose puck."
"exp26-u11-012","exp26-u11-012-q5","U11","Puck control","missed-reception","choice","coaching","If D1 reaches the puck first and controls it, what has changed?"
"exp26-u11-012","exp26-u11-012-q6","U11","Puck control","missed-reception","explain","coaching","What would you say to F1 after this miss to help the next play?"
"exp26-u11-012","exp26-u11-012-q7","U11","Puck control","missed-reception","choice","coaching","What should YOU tell F1 after the pass drifts?"
"exp26-u11-012","exp26-u11-012-q8","U11","Puck control","missed-reception","multi","coaching","Which two facts change the recovery route?"
"exp26-u11-012","exp26-u11-012-q9","U11","Puck control","missed-reception","position","coaching","Move YOU closer to the loose puck while checking D1."
"exp26-u11-012","exp26-u11-012-q10","U11","Puck control","missed-reception","explain","coaching","D1 reaches the puck first and gains control. How do you communicate the new job?"
"exp26-u11-013","exp26-u11-013-q1","U11","Shooting","slot-shot-lane","choice","scene","Who occupies the direct line from YOU through the slot to the goal?"
"exp26-u11-013","exp26-u11-013-q2","U11","Shooting","slot-shot-lane","multi","coaching","Which cues should be considered together?"
"exp26-u11-013","exp26-u11-013-q3","U11","Shooting","slot-shot-lane","sequence","coaching","Arrange this suggested high-slot decision routine."
"exp26-u11-013","exp26-u11-013-q4","U11","Shooting","slot-shot-lane","position","coaching","Move YOU toward a possible shooting angle away from D1’s current line."
"exp26-u11-013","exp26-u11-013-q5","U11","Shooting","slot-shot-lane","choice","coaching","If D1 moves toward F2 and the direct lane clears, what becomes worth reconsidering?"
"exp26-u11-013","exp26-u11-013-q6","U11","Shooting","slot-shot-lane","explain","coaching","Why might the slot and half wall offer different choices on this play?"
"exp26-u11-013","exp26-u11-013-q7","U11","Shooting","slot-shot-lane","choice","coaching","What should YOU call when D1 moves toward F2?"
"exp26-u11-013","exp26-u11-013-q8","U11","Shooting","slot-shot-lane","multi","coaching","Which two checks belong before using the opening?"
"exp26-u11-013","exp26-u11-013-q9","U11","Shooting","slot-shot-lane","position","coaching","Move YOU to a slight outside shooting angle with F2 visible."
"exp26-u11-013","exp26-u11-013-q10","U11","Shooting","slot-shot-lane","explain","coaching","D1 leaves the lane but F2 is covered. What is your next read?"
"exp26-u11-014","exp26-u11-014-q1","U11","Positioning","net-front-space","choice","scene","Which navy player stands directly between F1 and the goal?"
"exp26-u11-014","exp26-u11-014-q2","U11","Positioning","net-front-space","multi","coaching","Which questions could clarify your net-front role?"
"exp26-u11-014","exp26-u11-014-q3","U11","Positioning","net-front-space","sequence","coaching","Arrange this suggested spacing discussion."
"exp26-u11-014","exp26-u11-014-q4","U11","Positioning","net-front-space","position","coaching","Move YOU to a possible support spot beside the low-slot shooting line."
"exp26-u11-014","exp26-u11-014-q5","U11","Positioning","net-front-space","choice","coaching","If F1 decides to pass to YOU instead of shooting, what should you check next?"
"exp26-u11-014","exp26-u11-014-q6","U11","Positioning","net-front-space","explain","coaching","How could you explain “beside the shot lane” without saying “move to my dot”?"
"exp26-u11-014","exp26-u11-014-q7","U11","Positioning","net-front-space","choice","coaching","After moving beside the shooting lane, what could YOU communicate to F1?"
"exp26-u11-014","exp26-u11-014-q8","U11","Positioning","net-front-space","multi","coaching","Which two changes should make YOU reassess your support spot?"
"exp26-u11-014","exp26-u11-014-q9","U11","Positioning","net-front-space","position","coaching","Move YOU to a separate support angle beside the net-front lane."
"exp26-u11-014","exp26-u11-014-q10","U11","Positioning","net-front-space","explain","coaching","D1 follows you into the side space. How can F1 still use the movement?"
"exp26-u11-015","exp26-u11-015-q1","U11","Gap control","inside-gap","choice","scene","Which net are YOU protecting as the gold defender?"
"exp26-u11-015","exp26-u11-015-q2","U11","Gap control","inside-gap","multi","coaching","What should your gap decision relate?"
"exp26-u11-015","exp26-u11-015-q3","U11","Gap control","inside-gap","sequence","coaching","Arrange this suggested defensive read."
"exp26-u11-015","exp26-u11-015-q4","U11","Gap control","inside-gap","position","coaching","Move YOU to an example inside position between F1 and the middle."
"exp26-u11-015","exp26-u11-015-q5","U11","Gap control","inside-gap","choice","coaching","If F1 accelerates and begins to get beside YOU, what should you reconsider?"
"exp26-u11-015","exp26-u11-015-q6","U11","Gap control","inside-gap","explain","coaching","Why is there no single “correct gap number” in this picture?"
"exp26-u11-015","exp26-u11-015-q7","U11","Gap control","inside-gap","choice","coaching","What should YOU communicate while holding the inside gap?"
"exp26-u11-015","exp26-u11-015-q8","U11","Gap control","inside-gap","multi","coaching","Which two cues can require a new gap read?"
"exp26-u11-015","exp26-u11-015-q9","U11","Gap control","inside-gap","position","coaching","Move YOU to an inside net-side position with F1 ahead."
"exp26-u11-015","exp26-u11-015-q10","U11","Gap control","inside-gap","explain","coaching","F1 gets outside your starting gap. Explain the recovery choice."
"exp26-u11-016","exp26-u11-016-q1","U11","Angling","wide-angling","choice","scene","Compared with F1, where do YOU start across the rink width?"
"exp26-u11-016","exp26-u11-016-q2","U11","Angling","wide-angling","multi","coaching","What does an inside approach try to preserve here?"
"exp26-u11-016","exp26-u11-016-q3","U11","Angling","wide-angling","sequence","coaching","Arrange this suggested angling plan."
"exp26-u11-016","exp26-u11-016-q4","U11","Angling","wide-angling","position","coaching","Move YOU toward an approach that stays inside F1’s current wide route."
"exp26-u11-016","exp26-u11-016-q5","U11","Angling","wide-angling","choice","coaching","Suppose F1 turns back toward centre ice instead of driving the slot. What should YOU reassess?"
"exp26-u11-016","exp26-u11-016-q6","U11","Angling","wide-angling","explain","coaching","How could you describe an angling route using the slot and half wall?"
"exp26-u11-016","exp26-u11-016-q7","U11","Angling","wide-angling","choice","coaching","What could YOU tell your goalie about the inside angle?"
"exp26-u11-016","exp26-u11-016-q8","U11","Angling","wide-angling","multi","coaching","Which two cues change the angle?"
"exp26-u11-016","exp26-u11-016-q9","U11","Angling","wide-angling","position","coaching","Move YOU inside F1 while leaving the half-wall route visible."
"exp26-u11-016","exp26-u11-016-q10","U11","Angling","wide-angling","explain","coaching","F1 turns toward the middle. What do you re-read?"
"exp26-u11-017","exp26-u11-017-q1","U11","Skating","defensive-recovery","choice","scene","After the stated missed reach, which attacker has moved beyond YOU toward the right net?"
"exp26-u11-017","exp26-u11-017-q2","U11","Skating","defensive-recovery","multi","coaching","Which details should guide your recovery route now?"
"exp26-u11-017","exp26-u11-017-q3","U11","Skating","defensive-recovery","sequence","coaching","Order this suggested recovery response after the missed reach."
"exp26-u11-017","exp26-u11-017-q4","U11","Skating","defensive-recovery","position","coaching","Move YOU to an example recovery destination between the attack and the right net. Explain the route you would need to skate."
"exp26-u11-017","exp26-u11-017-q5","U11","Skating","defensive-recovery","choice","coaching","Suppose F1 then slows and turns toward the side boards while F2 drives the middle. What should update your read?"
"exp26-u11-017","exp26-u11-017-q6","U11","Skating","defensive-recovery","explain","coaching","Why is a second reach from behind sometimes less useful than recovering toward the net?"
"exp26-u11-017","exp26-u11-017-q7","U11","Skating","defensive-recovery","choice","coaching","What should YOU call after the missed reach?"
"exp26-u11-017","exp26-u11-017-q8","U11","Skating","defensive-recovery","multi","coaching","Which two cues shape your recovery?"
"exp26-u11-017","exp26-u11-017-q9","U11","Skating","defensive-recovery","position","coaching","Move YOU to the net-side space between F1 and the goal."
"exp26-u11-017","exp26-u11-017-q10","U11","Skating","defensive-recovery","explain","coaching","F1 slows at the boards while F2 drives middle. Explain the updated job."
"exp26-u11-018","exp26-u11-018-q1","U11","Backchecking","backcheck-assignment","choice","scene","Who is already assigned to the carrier in this practice rep?"
"exp26-u11-018","exp26-u11-018-q2","U11","Backchecking","backcheck-assignment","multi","coaching","Before choosing your backcheck route, what information belongs in the read?"
"exp26-u11-018","exp26-u11-018-q3","U11","Backchecking","backcheck-assignment","sequence","coaching","Arrange this suggested backcheck check-in."
"exp26-u11-018","exp26-u11-018-q4","U11","Backchecking","backcheck-assignment","position","coaching","Move YOU toward a useful defensive relationship with F2 and the right net. Multiple recovery spots may work."
"exp26-u11-018","exp26-u11-018-q5","U11","Backchecking","backcheck-assignment","choice","coaching","If D1 falls behind F1 and calls for help, how should YOU respond?"
"exp26-u11-018","exp26-u11-018-q6","U11","Backchecking","backcheck-assignment","explain","coaching","What would make your backcheck different from simply skating toward the puck?"
"exp26-u11-018","exp26-u11-018-q7","U11","Backchecking","backcheck-assignment","choice","coaching","What should YOU communicate on the backcheck?"
"exp26-u11-018","exp26-u11-018-q8","U11","Backchecking","backcheck-assignment","multi","coaching","Which two events can change your backcheck?"
"exp26-u11-018","exp26-u11-018-q9","U11","Backchecking","backcheck-assignment","position","coaching","Move YOU between F2 and the right net."
"exp26-u11-018","exp26-u11-018-q10","U11","Backchecking","backcheck-assignment","explain","coaching","D1 calls for help after falling behind F1. How do you choose?"
"exp26-u11-019","exp26-u11-019-q1","U11","Transition","turnover-transition","choice","scene","Which fact tells YOU that the previous attacking plan needs updating?"
"exp26-u11-019","exp26-u11-019-q2","U11","Transition","turnover-transition","multi","coaching","Which cues matter for YOU’s new job in this rep?"
"exp26-u11-019","exp26-u11-019-q3","U11","Transition","turnover-transition","sequence","coaching","Put this suggested turnover response in order."
"exp26-u11-019","exp26-u11-019-q4","U11","Transition","turnover-transition","position","coaching","Move navy YOU toward a recovery position on the left-net side of gold F2. Explain what you would watch while moving."
"exp26-u11-019","exp26-u11-019-q5","U11","Transition","turnover-transition","choice","coaching","Suppose D1 wins the puck back cleanly before F2 receives. What changes first?"
"exp26-u11-019","exp26-u11-019-q6","U11","Transition","turnover-transition","explain","coaching","Explain how the same skater can have two different jobs within a few seconds here."
"exp26-u11-019","exp26-u11-019-q7","U11","Transition","turnover-transition","choice","coaching","If D1 wins the puck back, what should YOU communicate?"
"exp26-u11-019","exp26-u11-019-q8","U11","Transition","turnover-transition","multi","coaching","Which two cues guide your defensive job after the turnover?"
"exp26-u11-019","exp26-u11-019-q9","U11","Transition","turnover-transition","position","coaching","Move YOU toward the left-net side of F2."
"exp26-u11-019","exp26-u11-019-q10","U11","Transition","turnover-transition","explain","coaching","After D1 regains possession, suppose gold F1 wins it back. What changes again?"
"exp26-u11-020","exp26-u11-020-q1","U11","Angling","forecheck-outlet","choice","scene","Which gold player is the possible outlet near the point, close to the blue line?"
"exp26-u11-020","exp26-u11-020-q2","U11","Angling","forecheck-outlet","multi","coaching","What should YOU check before accelerating at D1?"
"exp26-u11-020","exp26-u11-020-q3","U11","Angling","forecheck-outlet","sequence","coaching","Arrange this suggested forecheck read."
"exp26-u11-020","exp26-u11-020-q4","U11","Angling","forecheck-outlet","position","coaching","Move YOU to an example approach position between D1’s half-wall possession and D2’s point outlet."
"exp26-u11-020","exp26-u11-020-q5","U11","Angling","forecheck-outlet","choice","coaching","If D1 turns away from D2 and carries down toward the corner, what should YOU do with the original approach?"
"exp26-u11-020","exp26-u11-020-q6","U11","Angling","forecheck-outlet","explain","coaching","How does naming “half wall” and “point” help explain this forecheck?"
"exp26-u11-020","exp26-u11-020-q7","U11","Angling","forecheck-outlet","choice","coaching","What should YOU call before closing D1?"
"exp26-u11-020","exp26-u11-020-q8","U11","Angling","forecheck-outlet","multi","coaching","Which lane checks keep this forecheck approach honest?"
"exp26-u11-020","exp26-u11-020-q9","U11","Angling","forecheck-outlet","position","coaching","Move YOU toward D1 while keeping D2 visible."
"exp26-u11-020","exp26-u11-020-q10","U11","Angling","forecheck-outlet","explain","coaching","D1 turns away from D2. How should your approach change?"
"exp26-u11-021","exp26-u11-021-q1","U11","Attacking decisions","two-on-one-read","choice","scene","How many gold skaters, excluding the goalie, are shown defending this two-on-one?"
"exp26-u11-021","exp26-u11-021-q2","U11","Attacking decisions","two-on-one-read","multi","coaching","Which cues belong in the choice between continuing and passing across to F2?"
"exp26-u11-021","exp26-u11-021-q3","U11","Attacking decisions","two-on-one-read","sequence","coaching","Order this suggested carrier routine before choosing on the two-on-one."
"exp26-u11-021","exp26-u11-021-q4","U11","Attacking decisions","two-on-one-read","position","coaching","Move YOU to an example continued-carry position that keeps separation from F2. Discuss what would need to remain open."
"exp26-u11-021","exp26-u11-021-q5","U11","Attacking decisions","two-on-one-read","choice","coaching","Suppose D1 moves into YOU’s shooting line and the cross-ice route to a ready F2 becomes clear. Which option deserves a new look?"
"exp26-u11-021","exp26-u11-021-q6","U11","Attacking decisions","two-on-one-read","explain","coaching","Give one cue that would favor continuing with the puck and one that would favor passing across."
"exp26-u11-021","exp26-u11-021-q7","U11","Attacking decisions","two-on-one-read","choice","coaching","What should YOU communicate in this two-on-one?"
"exp26-u11-021","exp26-u11-021-q8","U11","Attacking decisions","two-on-one-read","multi","coaching","Which two events support passing across?"
"exp26-u11-021","exp26-u11-021-q9","U11","Attacking decisions","two-on-one-read","position","coaching","Move YOU to a possible carry point that keeps width from F2."
"exp26-u11-021","exp26-u11-021-q10","U11","Attacking decisions","two-on-one-read","explain","coaching","D1 stays centred and F2 remains covered. What does the carrier re-read?"
"exp26-u11-022","exp26-u11-022-q1","U11","Loose-puck support","faceoff-second-play","choice","scene","What is the puck’s current state after this faceoff?"
"exp26-u11-022","exp26-u11-022-q2","U11","Loose-puck support","faceoff-second-play","multi","coaching","What should YOU watch while offering a second-play option?"
"exp26-u11-022","exp26-u11-022-q3","U11","Loose-puck support","faceoff-second-play","sequence","coaching","Arrange this suggested after-faceoff support routine."
"exp26-u11-022","exp26-u11-022-q4","U11","Loose-puck support","faceoff-second-play","position","coaching","Move YOU into an example neutral-zone support space for a possible navy win. Leave room for the centre-ice contest."
"exp26-u11-022","exp26-u11-022-q5","U11","Loose-puck support","faceoff-second-play","choice","coaching","If gold C gains clean control instead, which update makes sense?"
"exp26-u11-022","exp26-u11-022-q6","U11","Loose-puck support","faceoff-second-play","explain","coaching","Why does “after the faceoff” still require a possession check?"
"exp26-u11-022","exp26-u11-022-q7","U11","Loose-puck support","faceoff-second-play","choice","coaching","What should YOU say while the centres contest the puck?"
"exp26-u11-022","exp26-u11-022-q8","U11","Loose-puck support","faceoff-second-play","multi","coaching","Which two updates determine your second-play route?"
"exp26-u11-022","exp26-u11-022-q9","U11","Loose-puck support","faceoff-second-play","position","coaching","Move YOU to a support angle on the Navy side of the centre-ice contest."
"exp26-u11-022","exp26-u11-022-q10","U11","Loose-puck support","faceoff-second-play","explain","coaching","How does uncertain possession change your support call?"
"exp26-u11-023","exp26-u11-023-q1","U11","Support","corner-role-separation","choice","scene","Which fact gives YOU a different first job from navy F2?"
"exp26-u11-023","exp26-u11-023-q2","U11","Support","corner-role-separation","multi","coaching","Which checks help YOU choose slot-side support instead of following F2 into the same corner?"
"exp26-u11-023","exp26-u11-023-q3","U11","Support","corner-role-separation","sequence","coaching","Order this suggested response to the assigned corner retrieval."
"exp26-u11-023","exp26-u11-023-q4","U11","Support","corner-role-separation","position","coaching","Move YOU to an example support spot on the slot side of F2’s corner retrieval. Explain the possible passing route."
"exp26-u11-023","exp26-u11-023-q5","U11","Support","corner-role-separation","choice","coaching","Suppose D1 reaches the puck first and carries out of the corner. What changes for YOU?"
"exp26-u11-023","exp26-u11-023-q6","U11","Support","corner-role-separation","explain","coaching","How can YOU help a corner retrieval without being the closest navy player to the puck?"
"exp26-u11-023","exp26-u11-023-q7","U11","Support","corner-role-separation","choice","coaching","What could YOU tell F2 from the slot side of the corner?"
"exp26-u11-023","exp26-u11-023-q8","U11","Support","corner-role-separation","multi","coaching","Which two details shape the support angle?"
"exp26-u11-023","exp26-u11-023-q9","U11","Support","corner-role-separation","position","coaching","Move YOU to a slot-side point between F2 and Gold's net."
"exp26-u11-023","exp26-u11-023-q10","U11","Support","corner-role-separation","explain","coaching","D1 wins the puck and exits. What changes for YOU?"
"exp26-u11-024","exp26-u11-024-q1","U11","Rink and rules awareness","blue-line-timing","choice","scene","Where are YOU in relation to the right blue line at this freeze?"
"exp26-u11-024","exp26-u11-024-q2","U11","Rink and rules awareness","blue-line-timing","multi","scene","Which facts determine whether this stated practice reset is ready?"
"exp26-u11-024","exp26-u11-024-q3","U11","Rink and rules awareness","blue-line-timing","sequence","coaching","Arrange the reset steps given for this timing drill."
"exp26-u11-024","exp26-u11-024-q4","U11","Rink and rules awareness","blue-line-timing","position","coaching","Move YOU to an example neutral-zone reset position behind the right blue line for this drill."
"exp26-u11-024","exp26-u11-024-q5","U11","Rink and rules awareness","blue-line-timing","choice","coaching","If F1 keeps waiting after YOU reset, what is the useful next check?"
"exp26-u11-024","exp26-u11-024-q6","U11","Rink and rules awareness","blue-line-timing","explain","coaching","Explain the difference between following this practice reset and making a full offside call."
"exp26-u11-024","exp26-u11-024-q7","U11","Rink and rules awareness","blue-line-timing","choice","coaching","What should YOU communicate during the reset?"
"exp26-u11-024","exp26-u11-024-q8","U11","Rink and rules awareness","blue-line-timing","multi","coaching","Which two cues can delay the restart?"
"exp26-u11-024","exp26-u11-024-q9","U11","Rink and rules awareness","blue-line-timing","position","coaching","Move YOU to a different neutral-zone support lane near the right blue line with F1 visible."
"exp26-u11-024","exp26-u11-024-q10","U11","Rink and rules awareness","blue-line-timing","explain","coaching","What cue tells you this practice reset is ready to resume?"
"exp26-u11-025","exp26-u11-025-q1","U11","Practice awareness","stop-signal-awareness","choice","scene","What has changed the task even though the puck remains loose?"
"exp26-u11-025","exp26-u11-025-q2","U11","Practice awareness","stop-signal-awareness","multi","coaching","Which actions fit the stopped-rep instruction?"
"exp26-u11-025","exp26-u11-025-q3","U11","Practice awareness","stop-signal-awareness","sequence","coaching","Order this suggested response to the clear stop call."
"exp26-u11-025","exp26-u11-025-q4","U11","Practice awareness","stop-signal-awareness","position","coaching","Move YOU to an example open reset location away from the loose-puck contest. Describe how you would get there under control."
"exp26-u11-025","exp26-u11-025-q5","U11","Practice awareness","stop-signal-awareness","choice","coaching","If the coach then restarts with F2 as the puck carrier, what should YOU confirm before beginning again?"
"exp26-u11-025","exp26-u11-025-q6","U11","Practice awareness","stop-signal-awareness","explain","coaching","Why can the right decision change even when no player has touched the puck?"
"exp26-u11-025","exp26-u11-025-q7","U11","Practice awareness","stop-signal-awareness","choice","coaching","What should YOU acknowledge when the coach stops the rep?"
"exp26-u11-025","exp26-u11-025-q8","U11","Practice awareness","stop-signal-awareness","multi","coaching","Which two checks belong at the restart?"
"exp26-u11-025","exp26-u11-025-q9","U11","Practice awareness","stop-signal-awareness","position","coaching","Move YOU to a reset space clear of the loose-puck contest."
"exp26-u11-025","exp26-u11-025-q10","U11","Practice awareness","stop-signal-awareness","explain","coaching","F2 is assigned the puck at restart. Explain how the first support decision changes."
"exp26b-u11-001","exp26b-u11-001-q1","U11","Retrieval and escape","retrieval-escape","choice","scene","Which player is nearest the loose puck?"
"exp26b-u11-001","exp26b-u11-001-q2","U11","Retrieval and escape","retrieval-escape","multi","coaching","Which two details belong in your first escape read?"
"exp26b-u11-001","exp26b-u11-001-q3","U11","Retrieval and escape","retrieval-escape","sequence","coaching","Arrange a careful wall-pickup plan."
"exp26b-u11-001","exp26b-u11-001-q4","U11","Retrieval and escape","retrieval-escape","position","coaching","Move YOU toward the loose puck while keeping D1 and F2 in the read."
"exp26b-u11-001","exp26b-u11-001-q5","U11","Retrieval and escape","retrieval-escape","choice","coaching","Before your first touch, D1 moves into the passing lane to F2. What should YOU reconsider?"
"exp26b-u11-001","exp26b-u11-001-q6","U11","Retrieval and escape","retrieval-escape","explain","coaching","If F2 is still visible but D1 closes the middle, explain how you would communicate and re-read the escape."
"exp26b-u11-002","exp26b-u11-002-q1","U11","Receiving","shoulder-reception","choice","scene","Who owns the puck before F1 releases it?"
"exp26b-u11-002","exp26b-u11-002-q2","U11","Receiving","shoulder-reception","multi","coaching","Which two observations shape a useful receiving spot?"
"exp26b-u11-002","exp26b-u11-002-q3","U11","Receiving","shoulder-reception","sequence","coaching","Arrange this receiving decision."
"exp26b-u11-002","exp26b-u11-002-q4","U11","Receiving","shoulder-reception","position","coaching","Move YOU to a receiving point with more separation from D1 and a visible lane from F1."
"exp26b-u11-002","exp26b-u11-002-q5","U11","Receiving","shoulder-reception","choice","coaching","D1 steps into your inside shoulder as F1 releases. Which reception fits the changed cue?"
"exp26b-u11-002","exp26b-u11-002-q6","U11","Receiving","shoulder-reception","explain","coaching","Why can a wider receiving angle help here, and what would make you change it?"
"exp26b-u11-003","exp26b-u11-003-q1","U11","Support","support-reoffer","choice","scene","Which player blocks the direct F1-to-YOU line?"
"exp26b-u11-003","exp26b-u11-003-q2","U11","Support","support-reoffer","multi","coaching","Which three checks belong in a useful re-offer read?"
"exp26b-u11-003","exp26b-u11-003-q3","U11","Support","support-reoffer","sequence","coaching","Arrange the re-offer read."
"exp26b-u11-003","exp26b-u11-003-q4","U11","Support","support-reoffer","position","coaching","Move YOU toward the middle to offer F1 a new angle without crowding F2."
"exp26b-u11-003","exp26b-u11-003-q5","U11","Support","support-reoffer","choice","coaching","Suppose D1 follows your move toward the middle. What is worth checking?"
"exp26b-u11-003","exp26b-u11-003-q6","U11","Support","support-reoffer","explain","coaching","Explain how your movement can help F1 even if the puck never comes to you."
"exp26b-u11-004","exp26b-u11-004-q1","U11","Passing support","support-after-pass","choice","scene","What changed when the pass reached F2?"
"exp26b-u11-004","exp26b-u11-004-q2","U11","Passing support","support-after-pass","multi","coaching","Which two details should shape your next support spot?"
"exp26b-u11-004","exp26b-u11-004-q3","U11","Passing support","support-after-pass","sequence","coaching","Arrange this post-pass support read."
"exp26b-u11-004","exp26b-u11-004-q4","U11","Passing support","support-after-pass","position","coaching","Move YOU toward the side boards to offer a new angle to F2."
"exp26b-u11-004","exp26b-u11-004-q5","U11","Passing support","support-after-pass","choice","coaching","F2 carries toward the middle instead of returning. What should YOU do?"
"exp26b-u11-004","exp26b-u11-004-q6","U11","Passing support","support-after-pass","explain","coaching","What can your support accomplish when F2 keeps the puck?"
"exp26b-u11-005","exp26b-u11-005-q1","U11","Support","reset-behind-pressure","choice","scene","Where is the puck carrier in this freeze?"
"exp26b-u11-005","exp26b-u11-005-q2","U11","Support","reset-behind-pressure","multi","coaching","Which two features make a reset offer usable?"
"exp26b-u11-005","exp26b-u11-005-q3","U11","Support","reset-behind-pressure","sequence","coaching","Arrange this conditional reset plan."
"exp26b-u11-005","exp26b-u11-005-q4","U11","Support","reset-behind-pressure","position","coaching","Move YOU behind F1 and toward the middle to show a separated reset lane."
"exp26b-u11-005","exp26b-u11-005-q5","U11","Support","reset-behind-pressure","choice","coaching","D2 drops into the reset lane. What should F1 and YOU revisit?"
"exp26b-u11-005","exp26b-u11-005-q6","U11","Support","reset-behind-pressure","explain","coaching","What would you communicate while offering this reset?"
"exp26b-u11-006","exp26b-u11-006-q1","U11","Shooting","rebound-second-read","choice","scene","Where is the loose puck?"
"exp26b-u11-006","exp26b-u11-006-q2","U11","Shooting","rebound-second-read","multi","coaching","Which two cues should guide your approach?"
"exp26b-u11-006","exp26b-u11-006-q3","U11","Shooting","rebound-second-read","sequence","coaching","Arrange this rebound-read routine."
"exp26b-u11-006","exp26b-u11-006-q4","U11","Shooting","rebound-second-read","position","coaching","Move YOU closer to the loose puck from the side nearer the middle of the rink."
"exp26b-u11-006","exp26b-u11-006-q5","U11","Shooting","rebound-second-read","choice","coaching","D1 gains control of the puck first. What should YOU update?"
"exp26b-u11-006","exp26b-u11-006-q6","U11","Shooting","rebound-second-read","explain","coaching","What would you need to see before suggesting a second shot?"
"exp26b-u11-007","exp26b-u11-007-q1","U11","Puck control","protect-outside-shoulder","choice","scene","Which player is pressuring YOU from the inside?"
"exp26b-u11-007","exp26b-u11-007-q2","U11","Puck control","protect-outside-shoulder","multi","coaching","Which two details support a protected carry?"
"exp26b-u11-007","exp26b-u11-007-q3","U11","Puck control","protect-outside-shoulder","sequence","coaching","Arrange a pressure-protection read."
"exp26b-u11-007","exp26b-u11-007-q4","U11","Puck control","protect-outside-shoulder","position","coaching","Move YOU farther toward the side boards, away from D1."
"exp26b-u11-007","exp26b-u11-007-q5","U11","Puck control","protect-outside-shoulder","choice","coaching","D1 follows outside and F2 opens inside. What becomes worth checking?"
"exp26b-u11-007","exp26b-u11-007-q6","U11","Puck control","protect-outside-shoulder","explain","coaching","How can protecting the puck help F2 without forcing a pass?"
"exp26b-u11-008","exp26b-u11-008-q1","U11","Puck control","carry-quiet-lane","choice","scene","Which relationship is visible in this freeze?"
"exp26b-u11-008","exp26b-u11-008-q2","U11","Puck control","carry-quiet-lane","multi","coaching","Which two cues should change a carry decision?"
"exp26b-u11-008","exp26b-u11-008-q3","U11","Puck control","carry-quiet-lane","sequence","coaching","Arrange the open-space scan."
"exp26b-u11-008","exp26b-u11-008-q4","U11","Puck control","carry-quiet-lane","position","coaching","Move YOU into an example forward lane that leaves room from F2."
"exp26b-u11-008","exp26b-u11-008-q5","U11","Puck control","carry-quiet-lane","choice","coaching","D1 turns and reaches the wide lane before your next touch. What should you change?"
"exp26b-u11-008","exp26b-u11-008-q6","U11","Puck control","carry-quiet-lane","explain","coaching","What movement from D1 would make you stop carrying forward?"
"exp26b-u11-009","exp26b-u11-009-q1","U11","Skating","turn-around-traffic","choice","scene","Who is directly up ice from YOU?"
"exp26b-u11-009","exp26b-u11-009-q2","U11","Skating","turn-around-traffic","multi","coaching","Which two relationships belong in the turn?"
"exp26b-u11-009","exp26b-u11-009-q3","U11","Skating","turn-around-traffic","sequence","coaching","Arrange this controlled-turn plan."
"exp26b-u11-009","exp26b-u11-009-q4","U11","Skating","turn-around-traffic","position","coaching","Move YOU beside the traffic into a possible turning space."
"exp26b-u11-009","exp26b-u11-009-q5","U11","Skating","turn-around-traffic","choice","coaching","F2 moves toward the same outside space. What should YOU reconsider?"
"exp26b-u11-009","exp26b-u11-009-q6","U11","Skating","turn-around-traffic","explain","coaching","Why must a turn account for F2 as well as D1?"
"exp26b-u11-010","exp26b-u11-010-q1","U11","Receiving","receive-wide-shoulder","choice","scene","Which player is nearest to YOU and closer to the middle?"
"exp26b-u11-010","exp26b-u11-010-q2","U11","Receiving","receive-wide-shoulder","multi","coaching","Which two checks support receiving wider?"
"exp26b-u11-010","exp26b-u11-010-q3","U11","Receiving","receive-wide-shoulder","sequence","coaching","Arrange this reception."
"exp26b-u11-010","exp26b-u11-010-q4","U11","Receiving","receive-wide-shoulder","position","coaching","Move YOU wider and slightly up ice to separate from D1."
"exp26b-u11-010","exp26b-u11-010-q5","U11","Receiving","receive-wide-shoulder","choice","coaching","The pass arrives behind YOU. What should the plan account for?"
"exp26b-u11-010","exp26b-u11-010-q6","U11","Receiving","receive-wide-shoulder","explain","coaching","What makes a slightly wider target useful in this picture?"
"exp26b-u11-011","exp26b-u11-011-q1","U11","Passing","wall-bounce-receive","choice","scene","Which defender is nearest the direct F1-to-YOU passing route?"
"exp26b-u11-011","exp26b-u11-011-q2","U11","Passing","wall-bounce-receive","multi","coaching","Which two details matter before using the wall?"
"exp26b-u11-011","exp26b-u11-011-q3","U11","Passing","wall-bounce-receive","sequence","coaching","Arrange a wall-option plan."
"exp26b-u11-011","exp26b-u11-011-q4","U11","Passing","wall-bounce-receive","position","coaching","Move YOU toward the side boards, farther up ice than D1, to offer a possible bank-pass target."
"exp26b-u11-011","exp26b-u11-011-q5","U11","Passing","wall-bounce-receive","choice","coaching","D1 turns toward the boards before F1 releases. What should you revisit?"
"exp26b-u11-011","exp26b-u11-011-q6","U11","Passing","wall-bounce-receive","explain","coaching","How is a wall option different from simply passing through D1?"
"exp26b-u11-012","exp26b-u11-012-q1","U11","Puck control","drifting-pass-recovery","choice","scene","Where is the puck compared with YOU?"
"exp26b-u11-012","exp26b-u11-012-q2","U11","Puck control","drifting-pass-recovery","multi","coaching","Which two questions help a useful recovery?"
"exp26b-u11-012","exp26b-u11-012-q3","U11","Puck control","drifting-pass-recovery","sequence","coaching","Arrange this missed-pass response."
"exp26b-u11-012","exp26b-u11-012-q4","U11","Puck control","drifting-pass-recovery","position","coaching","Move YOU closer to the loose puck, then recheck D1."
"exp26b-u11-012","exp26b-u11-012-q5","U11","Puck control","drifting-pass-recovery","choice","coaching","D1 gains control of the loose puck first. What changed?"
"exp26b-u11-012","exp26b-u11-012-q6","U11","Puck control","drifting-pass-recovery","explain","coaching","What could you say to F1 after the pass misses?"
"exp26b-u11-013","exp26b-u11-013-q1","U11","Shooting","slot-lane-change","choice","scene","Who is between YOU and the right net?"
"exp26b-u11-013","exp26b-u11-013-q2","U11","Shooting","slot-lane-change","multi","coaching","Which two cues should be read together?"
"exp26b-u11-013","exp26b-u11-013-q3","U11","Shooting","slot-lane-change","sequence","coaching","Arrange this shooting-lane read."
"exp26b-u11-013","exp26b-u11-013-q4","U11","Shooting","slot-lane-change","position","coaching","Move YOU sideways to change the shooting angle around D1."
"exp26b-u11-013","exp26b-u11-013-q5","U11","Shooting","slot-lane-change","choice","coaching","D1 moves toward F2 and the direct lane opens. What deserves a new look?"
"exp26b-u11-013","exp26b-u11-013-q6","U11","Shooting","slot-lane-change","explain","coaching","How do your position and F2’s wider position offer different choices?"
"exp26b-u11-014","exp26b-u11-014-q1","U11","Positioning","screen-side-space","choice","scene","Which navy player is closest to the right net?"
"exp26b-u11-014","exp26b-u11-014-q2","U11","Positioning","screen-side-space","multi","coaching","Which two questions clarify your support job?"
"exp26b-u11-014","exp26b-u11-014-q3","U11","Positioning","screen-side-space","sequence","coaching","Arrange this net-front support read."
"exp26b-u11-014","exp26b-u11-014-q4","U11","Positioning","screen-side-space","position","coaching","Move YOU beside the shooting lane, clear of D1."
"exp26b-u11-014","exp26b-u11-014-q5","U11","Positioning","screen-side-space","choice","coaching","F1 turns to pass instead of shooting. What should YOU check?"
"exp26b-u11-014","exp26b-u11-014-q6","U11","Positioning","screen-side-space","explain","coaching","How would you describe “beside the shot lane” to a teammate?"
"exp26b-u11-015","exp26b-u11-015-q1","U11","Gap control","inside-gap-recovery","choice","scene","Which net are YOU defending in this gold attack?"
"exp26b-u11-015","exp26b-u11-015-q2","U11","Gap control","inside-gap-recovery","multi","coaching","Which two cues guide your recovery?"
"exp26b-u11-015","exp26b-u11-015-q3","U11","Gap control","inside-gap-recovery","sequence","coaching","Arrange this inside-recovery read."
"exp26b-u11-015","exp26b-u11-015-q4","U11","Gap control","inside-gap-recovery","position","coaching","Choose an example recovery point closer to the left net than F1 and nearer the middle."
"exp26b-u11-015","exp26b-u11-015-q5","U11","Gap control","inside-gap-recovery","choice","coaching","F1 carries farther toward the side boards. What should YOU update?"
"exp26b-u11-015","exp26b-u11-015-q6","U11","Gap control","inside-gap-recovery","explain","coaching","Why is there no single correct gap number here?"
"exp26b-u11-016","exp26b-u11-016-q1","U11","Angling","inside-angle-guide","choice","scene","Where are YOU compared with wide F1?"
"exp26b-u11-016","exp26b-u11-016-q2","U11","Angling","inside-angle-guide","multi","coaching","What does an inside approach try to preserve?"
"exp26b-u11-016","exp26b-u11-016-q3","U11","Angling","inside-angle-guide","sequence","coaching","Arrange this angling read."
"exp26b-u11-016","exp26b-u11-016-q4","U11","Angling","inside-angle-guide","position","coaching","Move YOU closer to F1 while staying on the side nearer the middle."
"exp26b-u11-016","exp26b-u11-016-q5","U11","Angling","inside-angle-guide","choice","coaching","F1 cuts back toward centre ice. What should you reassess?"
"exp26b-u11-016","exp26b-u11-016-q6","U11","Angling","inside-angle-guide","explain","coaching","How could the middle and side boards guide your approach to F1?"
"exp26b-u11-017","exp26b-u11-017-q1","U11","Defensive recovery","recover-after-reach","choice","scene","Which attacker has moved beyond YOU toward the left net?"
"exp26b-u11-017","exp26b-u11-017-q2","U11","Defensive recovery","recover-after-reach","multi","coaching","Which two details guide a useful recovery?"
"exp26b-u11-017","exp26b-u11-017-q3","U11","Defensive recovery","recover-after-reach","sequence","coaching","Arrange the recovery response."
"exp26b-u11-017","exp26b-u11-017-q4","U11","Defensive recovery","recover-after-reach","position","coaching","Choose an example recovery point nearer the left net than both attackers."
"exp26b-u11-017","exp26b-u11-017-q5","U11","Defensive recovery","recover-after-reach","choice","coaching","F1 slows toward the boards while F2 drives middle. What should update?"
"exp26b-u11-017","exp26b-u11-017-q6","U11","Defensive recovery","recover-after-reach","explain","coaching","Why can recovering toward the net be better than reaching again from behind?"
"exp26b-u11-018","exp26b-u11-018-q1","U11","Backchecking","backcheck-open-runner","choice","scene","Who has the puck-pressure assignment in this rep?"
"exp26b-u11-018","exp26b-u11-018-q2","U11","Backchecking","backcheck-open-runner","multi","coaching","What belongs in your backcheck read?"
"exp26b-u11-018","exp26b-u11-018-q3","U11","Backchecking","backcheck-open-runner","sequence","coaching","Arrange this backcheck check-in."
"exp26b-u11-018","exp26b-u11-018-q4","U11","Backchecking","backcheck-open-runner","position","coaching","Move YOU toward F2 while staying between F2 and the left net."
"exp26b-u11-018","exp26b-u11-018-q5","U11","Backchecking","backcheck-open-runner","choice","coaching","D1 cannot stay with F1 and calls for help. What should YOU reassess?"
"exp26b-u11-018","exp26b-u11-018-q6","U11","Backchecking","backcheck-open-runner","explain","coaching","How is a backcheck different from simply skating toward the puck?"
"exp26b-u11-019","exp26b-u11-019-q1","U11","Transition","turnover-job-change","choice","scene","What fact changes your earlier attacking plan?"
"exp26b-u11-019","exp26b-u11-019-q2","U11","Transition","turnover-job-change","multi","coaching","Which two cues shape your new defensive job?"
"exp26b-u11-019","exp26b-u11-019-q3","U11","Transition","turnover-job-change","sequence","coaching","Put this turnover response in order."
"exp26b-u11-019","exp26b-u11-019-q4","U11","Transition","turnover-job-change","position","coaching","Move YOU toward the defended left net, then recheck D1 and F2."
"exp26b-u11-019","exp26b-u11-019-q5","U11","Transition","turnover-job-change","choice","coaching","Navy F1 gains control back from D1 before gold F2 receives. What changes first?"
"exp26b-u11-019","exp26b-u11-019-q6","U11","Transition","turnover-job-change","explain","coaching","How can one skater have two jobs within a few seconds?"
"exp26b-u11-020","exp26b-u11-020-q1","U11","Forechecking","forecheck-outlet-read","choice","scene","Which gold player is the possible outlet near the blue line?"
"exp26b-u11-020","exp26b-u11-020-q2","U11","Forechecking","forecheck-outlet-read","multi","coaching","Which two checks should shape your approach to D1?"
"exp26b-u11-020","exp26b-u11-020-q3","U11","Forechecking","forecheck-outlet-read","sequence","coaching","Arrange this forecheck read."
"exp26b-u11-020","exp26b-u11-020-q4","U11","Forechecking","forecheck-outlet-read","position","coaching","Move YOU closer to D1 while continuing to check the D2 outlet."
"exp26b-u11-020","exp26b-u11-020-q5","U11","Forechecking","forecheck-outlet-read","choice","coaching","D1 turns toward the side boards and carries away from D2. What should YOU reassess?"
"exp26b-u11-020","exp26b-u11-020-q6","U11","Forechecking","forecheck-outlet-read","explain","coaching","How do the circle and blue line help explain this forecheck?"
"exp26b-u11-021","exp26b-u11-021-q1","U11","Attacking decisions","two-on-one-carry-read","choice","scene","How many gold skaters, excluding the goalie, defend this picture?"
"exp26b-u11-021","exp26b-u11-021-q2","U11","Attacking decisions","two-on-one-carry-read","multi","coaching","Which two cues belong in the carry-versus-pass read?"
"exp26b-u11-021","exp26b-u11-021-q3","U11","Attacking decisions","two-on-one-carry-read","sequence","coaching","Arrange a carry option when there is usable space."
"exp26b-u11-021","exp26b-u11-021-q4","U11","Attacking decisions","two-on-one-carry-read","position","coaching","Move YOU to a continued-carry point that keeps separation from F2 and D1."
"exp26b-u11-021","exp26b-u11-021-q5","U11","Attacking decisions","two-on-one-carry-read","choice","coaching","D1 moves into your shooting line and F2 becomes clearly reachable. What deserves a new look?"
"exp26b-u11-021","exp26b-u11-021-q6","U11","Attacking decisions","two-on-one-carry-read","explain","coaching","Name one cue for continuing and one for passing across."
"exp26b-u11-022","exp26b-u11-022-q1","U11","Loose-puck support","faceoff-second-support","choice","scene","What is the puck state at this freeze?"
"exp26b-u11-022","exp26b-u11-022-q2","U11","Loose-puck support","faceoff-second-support","multi","coaching","Which two cues should YOU watch?"
"exp26b-u11-022","exp26b-u11-022-q3","U11","Loose-puck support","faceoff-second-support","sequence","coaching","Arrange the after-faceoff read."
"exp26b-u11-022","exp26b-u11-022-q4","U11","Loose-puck support","faceoff-second-support","position","coaching","Move YOU farther from the centre contest while keeping room to react."
"exp26b-u11-022","exp26b-u11-022-q5","U11","Loose-puck support","faceoff-second-support","choice","coaching","Gold C2 gains clean control. What should update first?"
"exp26b-u11-022","exp26b-u11-022-q6","U11","Loose-puck support","faceoff-second-support","explain","coaching","How should uncertain possession change your support call?"
"exp26b-u11-023","exp26b-u11-023-q1","U11","Support","corner-support-separation","choice","scene","Why do YOU have a different first job from F2?"
"exp26b-u11-023","exp26b-u11-023-q2","U11","Support","corner-support-separation","multi","coaching","Which two checks support a slot-side position?"
"exp26b-u11-023","exp26b-u11-023-q3","U11","Support","corner-support-separation","sequence","coaching","Arrange this corner-support response."
"exp26b-u11-023","exp26b-u11-023-q4","U11","Support","corner-support-separation","position","coaching","Move YOU toward the middle to offer a possible outlet for F2."
"exp26b-u11-023","exp26b-u11-023-q5","U11","Support","corner-support-separation","choice","coaching","D1 wins the puck and carries out of the corner. What changes for YOU?"
"exp26b-u11-023","exp26b-u11-023-q6","U11","Support","corner-support-separation","explain","coaching","How can YOU help the retrieval without being closest?"
"exp26b-u11-024","exp26b-u11-024-q1","U11","Rink awareness","neutral-reset-timing","choice","scene","Where are YOU relative to the right blue line in this practice?"
"exp26b-u11-024","exp26b-u11-024-q2","U11","Rink awareness","neutral-reset-timing","multi","coaching","Which two facts determine whether the reset is ready?"
"exp26b-u11-024","exp26b-u11-024-q3","U11","Rink awareness","neutral-reset-timing","sequence","coaching","Arrange the stated reset steps."
"exp26b-u11-024","exp26b-u11-024-q4","U11","Rink awareness","neutral-reset-timing","position","coaching","Move YOU to an example reset point behind the right blue line."
"exp26b-u11-024","exp26b-u11-024-q5","U11","Rink awareness","neutral-reset-timing","choice","coaching","F1 keeps waiting after YOU reset. What is the useful next check?"
"exp26b-u11-024","exp26b-u11-024-q6","U11","Rink awareness","neutral-reset-timing","explain","coaching","What information is still missing before a formal offside decision?"
"exp26b-u11-025","exp26b-u11-025-q1","U11","Practice awareness","stop-signal-reset","choice","scene","What changed the task while the puck stayed loose?"
"exp26b-u11-025","exp26b-u11-025-q2","U11","Practice awareness","stop-signal-reset","multi","coaching","Which actions fit the stop instruction?"
"exp26b-u11-025","exp26b-u11-025-q3","U11","Practice awareness","stop-signal-reset","sequence","coaching","Arrange this stop-and-reset response."
"exp26b-u11-025","exp26b-u11-025-q4","U11","Practice awareness","stop-signal-reset","position","coaching","Move YOU to an open reset point away from the loose-puck contest."
"exp26b-u11-025","exp26b-u11-025-q5","U11","Practice awareness","stop-signal-reset","choice","coaching","The coach restarts with F2 as the puck carrier. What should YOU confirm?"
"exp26b-u11-025","exp26b-u11-025-q6","U11","Practice awareness","stop-signal-reset","explain","coaching","Why can the right decision change even when nobody touches the puck?"
"exp26-u13-001","exp26-u13-001-q1","U13","breakout retrieval","breakout-retrieval","choice","scene","Where is the puck at this freeze?"
"exp26-u13-001","exp26-u13-001-q2","U13","breakout retrieval","breakout-retrieval","multi","coaching","Which two pieces of information help before this pickup?"
"exp26-u13-001","exp26-u13-001-q3","U13","breakout retrieval","breakout-retrieval","sequence","coaching","Order one preparation routine for this rim."
"exp26-u13-001","exp26-u13-001-q4","U13","breakout retrieval","breakout-retrieval","position","coaching","Move YOU toward a pickup position that preserves a view of Gold 1."
"exp26-u13-001","exp26-u13-001-q5","U13","breakout retrieval","breakout-retrieval","choice","coaching","Suppose Gold 1 now reaches the wall first. What deserves a fresh look?"
"exp26-u13-001","exp26-u13-001-q6","U13","breakout retrieval","breakout-retrieval","explain","coaching","What would you look at twice while retrieving this rim?"
"exp26-u13-001","exp26-u13-001-q7","U13","breakout retrieval","breakout-retrieval","choice","coaching","Which new fact would make the planned pickup less certain?"
"exp26-u13-001","exp26-u13-001-q8","U13","breakout retrieval","breakout-retrieval","multi","coaching","Which two words would make the next call useful?"
"exp26-u13-001","exp26-u13-001-q9","U13","breakout retrieval","breakout-retrieval","position","coaching","If YOU gain control at the rim, move W closer along the boards to offer a shorter outlet."
"exp26-u13-001","exp26-u13-001-q10","U13","breakout retrieval","breakout-retrieval","explain","coaching","How would you decide whether to collect or contain at the rim?"
"exp26-u13-002","exp26-u13-002-q1","U13","breakout reverse","breakout-reverse","choice","scene","Which teammate is on the opposite side of the net from YOU?"
"exp26-u13-002","exp26-u13-002-q2","U13","breakout reverse","breakout-reverse","multi","coaching","Select two checks before using the permitted reverse."
"exp26-u13-002","exp26-u13-002-q3","U13","breakout reverse","breakout-reverse","sequence","coaching","Arrange a possible reverse decision."
"exp26-u13-002","exp26-u13-002-q4","U13","breakout reverse","breakout-reverse","position","coaching","Move YOU to an example spot for protecting possession while looking toward D2."
"exp26-u13-002","exp26-u13-002-q5","U13","breakout reverse","breakout-reverse","choice","coaching","If D2 is closely marked before you release, what is sensible?"
"exp26-u13-002","exp26-u13-002-q6","U13","breakout reverse","breakout-reverse","explain","coaching","Why is “the first outlet is closed” insufficient by itself to choose a reverse?"
"exp26-u13-002","exp26-u13-002-q7","U13","breakout reverse","breakout-reverse","choice","scene","What should YOU check with Gold 1 near the route to W?"
"exp26-u13-002","exp26-u13-002-q8","U13","breakout reverse","breakout-reverse","multi","coaching","Which two details should accompany a reverse call?"
"exp26-u13-002","exp26-u13-002-q9","U13","breakout reverse","breakout-reverse","position","coaching","Move YOU toward an example behind-net position to reassess pressure and D2."
"exp26-u13-002","exp26-u13-002-q10","U13","breakout reverse","breakout-reverse","explain","coaching","Why does a closed strong-side outlet permit a reverse without requiring it?"
"exp26-u13-003","exp26-u13-003-q1","U13","wall outlet support","wall-outlet-support","choice","scene","Who currently owns the puck?"
"exp26-u13-003","exp26-u13-003-q2","U13","wall outlet support","wall-outlet-support","multi","coaching","Which two changes might make your support more useful?"
"exp26-u13-003","exp26-u13-003-q3","U13","wall outlet support","wall-outlet-support","sequence","coaching","Arrange a way to reoffer along this wall."
"exp26-u13-003","exp26-u13-003-q4","U13","wall outlet support","wall-outlet-support","position","coaching","Move YOU to a different receiving angle from D1."
"exp26-u13-003","exp26-u13-003-q5","U13","wall outlet support","wall-outlet-support","choice","coaching","If Gold 1 follows your inward move, which response could help?"
"exp26-u13-003","exp26-u13-003-q6","U13","wall outlet support","wall-outlet-support","explain","coaching","How can your movement help D1 even if D1 passes to C?"
"exp26-u13-003","exp26-u13-003-q7","U13","wall outlet support","wall-outlet-support","choice","scene","Which passing route is Gold 1 closest to?"
"exp26-u13-003","exp26-u13-003-q8","U13","wall outlet support","wall-outlet-support","multi","coaching","Which two calls help D1 use your movement?"
"exp26-u13-003","exp26-u13-003-q9","U13","wall outlet support","wall-outlet-support","position","coaching","Move YOU toward the middle to compare a receiving angle from D1."
"exp26-u13-003","exp26-u13-003-q10","U13","wall outlet support","wall-outlet-support","explain","coaching","How can movement help D1 even if the puck goes to C?"
"exp26-u13-004","exp26-u13-004-q1","U13","centre low support","centre-low-support","choice","scene","What support job is explicitly assigned to YOU?"
"exp26-u13-004","exp26-u13-004-q2","U13","centre low support","centre-low-support","multi","coaching","Which two features would suit that outlet?"
"exp26-u13-004","exp26-u13-004-q3","U13","centre low support","centre-low-support","sequence","coaching","Order a support response to W’s pressure."
"exp26-u13-004","exp26-u13-004-q4","U13","centre low support","centre-low-support","position","coaching","Move YOU closer to Navy’s net than W to suggest a short inside option."
"exp26-u13-004","exp26-u13-004-q5","U13","centre low support","centre-low-support","choice","coaching","If W escapes Gold 1 with secure possession, what changes?"
"exp26-u13-004","exp26-u13-004-q6","U13","centre low support","centre-low-support","explain","coaching","What is the difference between supporting W and skating into W’s problem?"
"exp26-u13-004","exp26-u13-004-q7","U13","centre low support","centre-low-support","choice","coaching","Which Navy teammate offers a deeper reset behind YOU if W remains pinned?"
"exp26-u13-004","exp26-u13-004-q8","U13","centre low support","centre-low-support","multi","coaching","Which two cues tell YOU whether to keep the short inside outlet?"
"exp26-u13-004","exp26-u13-004-q9","U13","centre low support","centre-low-support","position","coaching","Move YOU closer to Navy’s net than W and nearer the middle than W."
"exp26-u13-004","exp26-u13-004-q10","U13","centre low support","centre-low-support","explain","coaching","What would make you leave the short-outlet position?"
"exp26-u13-005","exp26-u13-005-q1","U13","defensive partner support","defensive-partner-support","choice","scene","Is the puck currently assigned to either team?"
"exp26-u13-005","exp26-u13-005-q2","U13","defensive partner support","defensive-partner-support","multi","coaching","Choose two reasons to avoid leaving too early."
"exp26-u13-005","exp26-u13-005-q3","U13","defensive partner support","defensive-partner-support","sequence","coaching","Arrange a cautious support read."
"exp26-u13-005","exp26-u13-005-q4","U13","defensive partner support","defensive-partner-support","position","coaching","Move YOU to balance net-side support with a possible outlet angle."
"exp26-u13-005","exp26-u13-005-q5","U13","defensive partner support","defensive-partner-support","choice","coaching","D1 now controls the puck and Gold 1 skates past. What can you reassess?"
"exp26-u13-005","exp26-u13-005-q6","U13","defensive partner support","defensive-partner-support","explain","coaching","What visible sign would tell you this situation has become a breakout opportunity?"
"exp26-u13-005","exp26-u13-005-q7","U13","defensive partner support","defensive-partner-support","choice","scene","What remains unknown at this freeze?"
"exp26-u13-005","exp26-u13-005-q8","U13","defensive partner support","defensive-partner-support","multi","coaching","Which two cues should YOU communicate to D1?"
"exp26-u13-005","exp26-u13-005-q9","U13","defensive partner support","defensive-partner-support","position","coaching","Move YOU nearer the middle while staying closer to Navy’s net than Gold 2."
"exp26-u13-005","exp26-u13-005-q10","U13","defensive partner support","defensive-partner-support","explain","coaching","What visible sign would change your job from partner support to breakout support?"
"exp26-u13-006","exp26-u13-006-q1","U13","neutral zone middle support","neutral-zone-middle-support","choice","scene","Which supporting role does the coach give F2?"
"exp26-u13-006","exp26-u13-006-q2","U13","neutral zone middle support","neutral-zone-middle-support","multi","coaching","What two features could make F2’s option different from F1’s?"
"exp26-u13-006","exp26-u13-006-q3","U13","neutral zone middle support","neutral-zone-middle-support","sequence","coaching","Arrange a possible regroup support routine."
"exp26-u13-006","exp26-u13-006-q4","U13","neutral zone middle support","neutral-zone-middle-support","position","coaching","Move YOU into a deeper middle support example."
"exp26-u13-006","exp26-u13-006-q5","U13","neutral zone middle support","neutral-zone-middle-support","choice","coaching","Gold 1 moves directly onto your new lane. What might you do?"
"exp26-u13-006","exp26-u13-006-q6","U13","neutral zone middle support","neutral-zone-middle-support","explain","coaching","Why can two forwards at similar depth make D1’s options easier to defend?"
"exp26-u13-006","exp26-u13-006-q7","U13","neutral zone middle support","neutral-zone-middle-support","choice","coaching","What could YOU call before moving closer to Navy’s net than F1?"
"exp26-u13-006","exp26-u13-006-q8","U13","neutral zone middle support","neutral-zone-middle-support","multi","coaching","Which two facts make a deeper route useful?"
"exp26-u13-006","exp26-u13-006-q9","U13","neutral zone middle support","neutral-zone-middle-support","position","coaching","Move YOU closer to Navy’s net than F1 and toward the middle."
"exp26-u13-006","exp26-u13-006-q10","U13","neutral zone middle support","neutral-zone-middle-support","explain","coaching","When might different depths give D1 more options?"
"exp26-u13-007","exp26-u13-007-q1","U13","regroup hinge","regroup-hinge","choice","scene","Who has possession after the stated lateral pass?"
"exp26-u13-007","exp26-u13-007-q2","U13","regroup hinge","regroup-hinge","multi","coaching","Pick two useful checks for your next support movement."
"exp26-u13-007","exp26-u13-007-q3","U13","regroup hinge","regroup-hinge","sequence","coaching","Order one follow-up to this D-to-D pass."
"exp26-u13-007","exp26-u13-007-q4","U13","regroup hinge","regroup-hinge","position","coaching","Move YOU closer to Navy’s net than D2 to illustrate a return option."
"exp26-u13-007","exp26-u13-007-q5","U13","regroup hinge","regroup-hinge","choice","coaching","If D2 sends the puck forward with control, what might your next job become?"
"exp26-u13-007","exp26-u13-007-q6","U13","regroup hinge","regroup-hinge","explain","coaching","How is useful staggering different from simply standing far apart?"
"exp26-u13-007","exp26-u13-007-q7","U13","regroup hinge","regroup-hinge","choice","coaching","What should YOU tell D2 as Gold 1 approaches?"
"exp26-u13-007","exp26-u13-007-q8","U13","regroup hinge","regroup-hinge","multi","coaching","Which two facts should shape your follow-up?"
"exp26-u13-007","exp26-u13-007-q9","U13","regroup hinge","regroup-hinge","position","coaching","If Gold 1 angles toward the boards, choose a deeper return target to reassess."
"exp26-u13-007","exp26-u13-007-q10","U13","regroup hinge","regroup-hinge","explain","coaching","How can communicating a planned return angle help D2?"
"exp26-u13-008","exp26-u13-008-q1","U13","wide entry support","wide-entry-support","choice","scene","Which side is F1 using for the entry?"
"exp26-u13-008","exp26-u13-008-q2","U13","wide entry support","wide-entry-support","multi","coaching","Which two details matter before taking the suggested middle route?"
"exp26-u13-008","exp26-u13-008-q3","U13","wide entry support","wide-entry-support","sequence","coaching","Arrange a support read for the wide entry."
"exp26-u13-008","exp26-u13-008-q4","U13","wide entry support","wide-entry-support","position","coaching","Move YOU to illustrate a separate middle support route."
"exp26-u13-008","exp26-u13-008-q5","U13","wide entry support","wide-entry-support","choice","coaching","If Gold 2 steps into that middle route, what could YOU change?"
"exp26-u13-008","exp26-u13-008-q6","U13","wide entry support","wide-entry-support","explain","coaching","Why should F1 and the supporting forward avoid filling exactly the same lane?"
"exp26-u13-008","exp26-u13-008-q7","U13","wide entry support","wide-entry-support","choice","coaching","Which space should YOU offer to complement F1’s wide entry?"
"exp26-u13-008","exp26-u13-008-q8","U13","wide entry support","wide-entry-support","multi","coaching","Which two checks should precede a middle route?"
"exp26-u13-008","exp26-u13-008-q9","U13","wide entry support","wide-entry-support","position","coaching","Move YOU nearer the middle as an early support step, without overtaking F1."
"exp26-u13-008","exp26-u13-008-q10","U13","wide entry support","wide-entry-support","explain","coaching","Why does the far-post route help more than simply avoiding F1’s lane?"
"exp26-u13-009","exp26-u13-009-q1","U13","entry delay timing","entry-delay-timing","choice","scene","What has F1 explicitly done before this freeze?"
"exp26-u13-009","exp26-u13-009-q2","U13","entry delay timing","entry-delay-timing","multi","coaching","Which two reads help you stay available?"
"exp26-u13-009","exp26-u13-009-q3","U13","entry delay timing","entry-delay-timing","sequence","coaching","Order a suggested response to F1’s delay."
"exp26-u13-009","exp26-u13-009-q4","U13","entry delay timing","entry-delay-timing","position","coaching","Move YOU into an example delayed support pocket."
"exp26-u13-009","exp26-u13-009-q5","U13","entry delay timing","entry-delay-timing","choice","coaching","F1 loses control while delaying. What must you reassess first?"
"exp26-u13-009","exp26-u13-009-q6","U13","entry delay timing","entry-delay-timing","explain","coaching","What does “saving ice” mean in this particular scene?"
"exp26-u13-009","exp26-u13-009-q7","U13","entry delay timing","entry-delay-timing","choice","coaching","What useful call can YOU make while F1 protects the puck?"
"exp26-u13-009","exp26-u13-009-q8","U13","entry delay timing","entry-delay-timing","multi","coaching","Which two cues decide whether YOU should arrive now?"
"exp26-u13-009","exp26-u13-009-q9","U13","entry delay timing","entry-delay-timing","position","coaching","Move YOU to a staggered support pocket behind F1’s lane."
"exp26-u13-009","exp26-u13-009-q10","U13","entry delay timing","entry-delay-timing","explain","coaching","What does saving ice mean here, and when would it stop helping?"
"exp26-u13-010","exp26-u13-010-q1","U13","net front recognition","net-front-recognition","choice","scene","Where are YOU compared with the net-front centre?"
"exp26-u13-010","exp26-u13-010-q2","U13","net front recognition","net-front-recognition","multi","coaching","Which two things should you check before presenting near the front?"
"exp26-u13-010","exp26-u13-010-q3","U13","net front recognition","net-front-recognition","sequence","coaching","Arrange a possible preparation for a front-of-net option."
"exp26-u13-010","exp26-u13-010-q4","U13","net front recognition","net-front-recognition","position","coaching","Move YOU to an example receiving position near the front."
"exp26-u13-010","exp26-u13-010-q5","U13","net front recognition","net-front-recognition","choice","coaching","If Gold 1 follows and closes the route, what could help?"
"exp26-u13-010","exp26-u13-010-q6","U13","net front recognition","net-front-recognition","explain","coaching","What should F1 be able to see before trying to involve YOU?"
"exp26-u13-010","exp26-u13-010-q7","U13","net front recognition","net-front-recognition","choice","scene","Why are YOU beside the net rather than already in the slot?"
"exp26-u13-010","exp26-u13-010-q8","U13","net front recognition","net-front-recognition","multi","coaching","Which two details should F1 see before involving YOU?"
"exp26-u13-010","exp26-u13-010-q9","U13","net front recognition","net-front-recognition","position","coaching","Move YOU into a strong-side net-front lane that is not directly behind Gold 1."
"exp26-u13-010","exp26-u13-010-q10","U13","net front recognition","net-front-recognition","explain","coaching","What is the difference between being near the net and being useful near the net?"
"exp26-u13-011","exp26-u13-011-q1","U13","shooting lane","shooting-lane","choice","scene","Who stands on the straight line from YOU toward the net?"
"exp26-u13-011","exp26-u13-011-q2","U13","shooting lane","shooting-lane","multi","coaching","Choose two ways to investigate a different shooting opportunity."
"exp26-u13-011","exp26-u13-011-q3","U13","shooting lane","shooting-lane","sequence","coaching","Order one response to the blocked point lane."
"exp26-u13-011","exp26-u13-011-q4","U13","shooting lane","shooting-lane","position","coaching","Move YOU to compare a lateral shooting angle."
"exp26-u13-011","exp26-u13-011-q5","U13","shooting lane","shooting-lane","choice","coaching","Suppose Gold 1 follows your lateral move. What deserves another look?"
"exp26-u13-011","exp26-u13-011-q6","U13","shooting lane","shooting-lane","explain","coaching","Why does “move sideways” not guarantee a clear shot?"
"exp26-u13-011","exp26-u13-011-q7","U13","shooting lane","shooting-lane","choice","scene","Which teammate can give YOU a lateral puck option if Gold 1 stays in the shooting line?"
"exp26-u13-011","exp26-u13-011-q8","U13","shooting lane","shooting-lane","multi","coaching","Which two changes could alter the shooting picture?"
"exp26-u13-011","exp26-u13-011-q9","U13","shooting lane","shooting-lane","position","coaching","Move YOU to compare another puck angle toward the net."
"exp26-u13-011","exp26-u13-011-q10","U13","shooting lane","shooting-lane","explain","coaching","Why does a blocker make the read about geometry rather than simply shooting harder?"
"exp26-u13-012","exp26-u13-012-q1","U13","give and go support","give-and-go-support","choice","scene","Which player is the new puck carrier?"
"exp26-u13-012","exp26-u13-012-q2","U13","give and go support","give-and-go-support","multi","coaching","Which two reads help before reoffering?"
"exp26-u13-012","exp26-u13-012-q3","U13","give and go support","give-and-go-support","sequence","coaching","Arrange one reoffer routine."
"exp26-u13-012","exp26-u13-012-q4","U13","give and go support","give-and-go-support","position","coaching","Move YOU to illustrate a new inside option for F2."
"exp26-u13-012","exp26-u13-012-q5","U13","give and go support","give-and-go-support","choice","coaching","If Gold 2 moves into your new route, what could you do?"
"exp26-u13-012","exp26-u13-012-q6","U13","give and go support","give-and-go-support","explain","coaching","How can you judge whether your second movement improved the play?"
"exp26-u13-012","exp26-u13-012-q7","U13","give and go support","give-and-go-support","choice","coaching","What can YOU call to make F2 aware of your reoffer?"
"exp26-u13-012","exp26-u13-012-q8","U13","give and go support","give-and-go-support","multi","coaching","Which two cues should drive your second movement?"
"exp26-u13-012","exp26-u13-012-q9","U13","give and go support","give-and-go-support","position","coaching","Move YOU to compare another passing angle for F2."
"exp26-u13-012","exp26-u13-012-q10","U13","give and go support","give-and-go-support","explain","coaching","How can YOU tell a reoffer is helping instead of just following the puck?"
"exp26-u13-013","exp26-u13-013-q1","U13","puck protection","puck-protection","choice","scene","From which side is Gold 1 closest to YOU?"
"exp26-u13-013","exp26-u13-013-q2","U13","puck protection","puck-protection","multi","coaching","Pick two checks before turning with the puck."
"exp26-u13-013","exp26-u13-013-q3","U13","puck protection","puck-protection","sequence","coaching","Order a possible protective read."
"exp26-u13-013","exp26-u13-013-q4","U13","puck protection","puck-protection","position","coaching","Move YOU to illustrate space for a protective reset."
"exp26-u13-013","exp26-u13-013-q5","U13","puck protection","puck-protection","choice","coaching","If F2 becomes clearly available while Gold 1 closes, what might be useful?"
"exp26-u13-013","exp26-u13-013-q6","U13","puck protection","puck-protection","explain","coaching","What next option would make a protective turn useful here?"
"exp26-u13-013","exp26-u13-013-q7","U13","puck protection","puck-protection","choice","scene","Which teammate can become a reachable outlet after the protective turn?"
"exp26-u13-013","exp26-u13-013-q8","U13","puck protection","puck-protection","multi","coaching","Which two cues should precede a protective turn?"
"exp26-u13-013","exp26-u13-013-q9","U13","puck protection","puck-protection","position","coaching","Move YOU closer to the boards to compare a protective reset."
"exp26-u13-013","exp26-u13-013-q10","U13","puck protection","puck-protection","explain","coaching","When does a protective turn become a possession play rather than just avoiding contact?"
"exp26-u13-014","exp26-u13-014-q1","U13","gap control","gap-control","choice","scene","Which player is between the puck carrier and the defending net?"
"exp26-u13-014","exp26-u13-014-q2","U13","gap control","gap-control","multi","coaching","Which two things would you need before deciding how quickly to close?"
"exp26-u13-014","exp26-u13-014-q3","U13","gap control","gap-control","sequence","coaching","Arrange a read before managing this gap."
"exp26-u13-014","exp26-u13-014-q4","U13","gap control","gap-control","position","coaching","Move YOU to another example position between Gold 1 and the net."
"exp26-u13-014","exp26-u13-014-q5","U13","gap control","gap-control","multi","coaching","With C back alongside Gold 1, which two checks help you defend together?"
"exp26-u13-014","exp26-u13-014-q6","U13","gap control","gap-control","explain","coaching","Why is the drawn distance insufficient to prescribe an exact gap?"
"exp26-u13-014","exp26-u13-014-q7","U13","gap control","gap-control","choice","scene","Who is the closest shown defender to Navy’s net?"
"exp26-u13-014","exp26-u13-014-q8","U13","gap control","gap-control","multi","coaching","Which two cues should change your closing distance?"
"exp26-u13-014","exp26-u13-014-q9","U13","gap control","gap-control","position","coaching","Move YOU to compare another net-side position against Gold 1."
"exp26-u13-014","exp26-u13-014-q10","U13","gap control","gap-control","explain","coaching","How does C’s recovery change your job without prescribing a fixed gap?"
"exp26-u13-015","exp26-u13-015-q1","U13","angling recovery","angling-recovery","choice","scene","Where is Gold 1 carrying the puck?"
"exp26-u13-015","exp26-u13-015-q2","U13","angling recovery","angling-recovery","multi","coaching","Which two relationships fit the stated angling goal?"
"exp26-u13-015","exp26-u13-015-q3","U13","angling recovery","angling-recovery","sequence","coaching","Order one angling read from this freeze."
"exp26-u13-015","exp26-u13-015-q4","U13","angling recovery","angling-recovery","position","coaching","Move YOU to compare an inside, net-side approach to Gold 1."
"exp26-u13-015","exp26-u13-015-q5","U13","angling recovery","angling-recovery","choice","coaching","Gold 1 passes inside to Gold 2. What deserves attention now?"
"exp26-u13-015","exp26-u13-015-q6","U13","angling recovery","angling-recovery","explain","coaching","Why can a fast approach be unhelpful if it sends you past Gold 1?"
"exp26-u13-015","exp26-u13-015-q7","U13","angling recovery","angling-recovery","choice","coaching","Which teammate can support behind YOU if Gold 1 turns inside?"
"exp26-u13-015","exp26-u13-015-q8","U13","angling recovery","angling-recovery","multi","coaching","Which two conditions support an inside angle?"
"exp26-u13-015","exp26-u13-015-q9","U13","angling recovery","angling-recovery","position","coaching","Move YOU toward Navy’s net while staying nearer the middle than Gold 1."
"exp26-u13-015","exp26-u13-015-q10","U13","angling recovery","angling-recovery","explain","coaching","Why is the wall the preferred direction in this angle, while still requiring a read?"
"exp26-u13-016","exp26-u13-016-q1","U13","weak side coverage","weak-side-coverage","choice","scene","Which opponent is the assigned off-puck threat?"
"exp26-u13-016","exp26-u13-016-q2","U13","weak side coverage","weak-side-coverage","multi","coaching","Select two things to keep in view."
"exp26-u13-016","exp26-u13-016-q3","U13","weak side coverage","weak-side-coverage","sequence","coaching","Arrange one weak-side checking routine."
"exp26-u13-016","exp26-u13-016-q4","U13","weak side coverage","weak-side-coverage","position","coaching","Move YOU to compare a net-side position near the low slot."
"exp26-u13-016","exp26-u13-016-q5","U13","weak side coverage","weak-side-coverage","choice","coaching","If Gold 2 moves higher into the slot, what should you do?"
"exp26-u13-016","exp26-u13-016-q6","U13","weak side coverage","weak-side-coverage","explain","coaching","Describe a way to check the half wall without forgetting the low-slot threat."
"exp26-u13-016","exp26-u13-016-q7","U13","weak side coverage","weak-side-coverage","choice","coaching","What should YOU call while D1 pressures Gold 1 on the wall?"
"exp26-u13-016","exp26-u13-016-q8","U13","weak side coverage","weak-side-coverage","multi","coaching","Which two checks let YOU support without puck-chasing?"
"exp26-u13-016","exp26-u13-016-q9","U13","weak side coverage","weak-side-coverage","position","coaching","Move YOU to compare a net-side position near Gold 2."
"exp26-u13-016","exp26-u13-016-q10","U13","weak side coverage","weak-side-coverage","explain","coaching","How can you check the puck side without abandoning Gold 2?"
"exp26-u13-017","exp26-u13-017-q1","U13","backcheck recovery","backcheck-recovery","choice","scene","Which attacker is the inside support option?"
"exp26-u13-017","exp26-u13-017-q2","U13","backcheck recovery","backcheck-recovery","multi","coaching","What two reads could make your recovery useful?"
"exp26-u13-017","exp26-u13-017-q3","U13","backcheck recovery","backcheck-recovery","sequence","coaching","Arrange one recovery decision."
"exp26-u13-017","exp26-u13-017-q4","U13","backcheck recovery","backcheck-recovery","position","coaching","Move YOU to illustrate recovery through the middle toward Gold 2."
"exp26-u13-017","exp26-u13-017-q5","U13","backcheck recovery","backcheck-recovery","choice","coaching","If Gold 2 receives the pass before you arrive, what changes?"
"exp26-u13-017","exp26-u13-017-q6","U13","backcheck recovery","backcheck-recovery","explain","coaching","How would you know you are helping D1 rather than duplicating D1’s job?"
"exp26-u13-017","exp26-u13-017-q7","U13","backcheck recovery","backcheck-recovery","choice","scene","Which Navy defender starts closer to the net than Gold 1?"
"exp26-u13-017","exp26-u13-017-q8","U13","backcheck recovery","backcheck-recovery","multi","coaching","Which two facts shape your useful recovery?"
"exp26-u13-017","exp26-u13-017-q9","U13","backcheck recovery","backcheck-recovery","position","coaching","Move YOU to an example middle recovery target closer to Navy’s net than Gold 2."
"exp26-u13-017","exp26-u13-017-q10","U13","backcheck recovery","backcheck-recovery","explain","coaching","How would you know you are helping D1 rather than skating into D1’s job?"
"exp26-u13-018","exp26-u13-018-q1","U13","rebound response","rebound-response","choice","scene","Who controls the rebound in this setup?"
"exp26-u13-018","exp26-u13-018-q2","U13","rebound response","rebound-response","multi","coaching","Which two cues matter before your next action?"
"exp26-u13-018","exp26-u13-018-q3","U13","rebound response","rebound-response","sequence","coaching","Arrange one rebound assessment."
"exp26-u13-018","exp26-u13-018-q4","U13","rebound response","rebound-response","position","coaching","Move YOU nearer the rebound and closer to Navy’s net than Gold 1."
"exp26-u13-018","exp26-u13-018-q5","U13","rebound response","rebound-response","choice","coaching","The goalie now visibly covers the puck. What should you reassess?"
"exp26-u13-018","exp26-u13-018-q6","U13","rebound response","rebound-response","explain","coaching","Why should feedback distinguish a loose rebound from a puck already controlled?"
"exp26-u13-018","exp26-u13-018-q7","U13","rebound response","rebound-response","choice","scene","What has the goalie done immediately before this freeze?"
"exp26-u13-018","exp26-u13-018-q8","U13","rebound response","rebound-response","multi","coaching","Which two cues should guide your next move?"
"exp26-u13-018","exp26-u13-018-q9","U13","rebound response","rebound-response","position","coaching","Move YOU to compare an approach nearer the loose rebound."
"exp26-u13-018","exp26-u13-018-q10","U13","rebound response","rebound-response","explain","coaching","Why should you locate the rebound before choosing a role?"
"exp26-u13-019","exp26-u13-019-q1","U13","possession switch","possession-switch","choice","scene","Which team has possession after the interception?"
"exp26-u13-019","exp26-u13-019-q2","U13","possession switch","possession-switch","multi","coaching","Which two new concerns follow from this change?"
"exp26-u13-019","exp26-u13-019-q3","U13","possession switch","possession-switch","sequence","coaching","Arrange one response to the turnover."
"exp26-u13-019","exp26-u13-019-q4","U13","possession switch","possession-switch","position","coaching","Move YOU to compare a position that helps against the new attack."
"exp26-u13-019","exp26-u13-019-q5","U13","possession switch","possession-switch","choice","coaching","If D1 wins the puck back, what should happen to your read?"
"exp26-u13-019","exp26-u13-019-q6","U13","possession switch","possession-switch","explain","coaching","Name one old attacking intention you would reconsider after Gold 1’s interception."
"exp26-u13-019","exp26-u13-019-q7","U13","possession switch","possession-switch","choice","scene","Which Gold player is available toward Navy’s net after the interception?"
"exp26-u13-019","exp26-u13-019-q8","U13","possession switch","possession-switch","multi","coaching","Which two lanes must YOU update?"
"exp26-u13-019","exp26-u13-019-q9","U13","possession switch","possession-switch","position","coaching","Move YOU into a middle cover position between Gold 2 and the Navy net."
"exp26-u13-019","exp26-u13-019-q10","U13","possession switch","possession-switch","explain","coaching","What should your first call be after the interception, and why?"
"exp26-u13-020","exp26-u13-020-q1","U13","defensive zone support","defensive-zone-support","choice","scene","Where is the off-puck attacker Gold 2?"
"exp26-u13-020","exp26-u13-020-q2","U13","defensive zone support","defensive-zone-support","multi","coaching","Choose two checks before joining the corner."
"exp26-u13-020","exp26-u13-020-q3","U13","defensive zone support","defensive-zone-support","sequence","coaching","Arrange a read before leaving the net front."
"exp26-u13-020","exp26-u13-020-q4","U13","defensive zone support","defensive-zone-support","position","coaching","Move YOU to compare another inside position between Gold 2 and the net."
"exp26-u13-020","exp26-u13-020-q5","U13","defensive zone support","defensive-zone-support","choice","coaching","D1 falls and Gold 1 gains a path toward the net. What changes?"
"exp26-u13-020","exp26-u13-020-q6","U13","defensive zone support","defensive-zone-support","explain","coaching","How could both defenders chasing the corner make Gold 1’s job easier?"
"exp26-u13-020","exp26-u13-020-q7","U13","defensive zone support","defensive-zone-support","choice","scene","Which Navy teammate’s corner pressure should YOU confirm before leaving the net front?"
"exp26-u13-020","exp26-u13-020-q8","U13","defensive zone support","defensive-zone-support","multi","coaching","Which two checks precede leaving the net front?"
"exp26-u13-020","exp26-u13-020-q9","U13","defensive zone support","defensive-zone-support","position","coaching","Move YOU closer to the lane between Gold 2 and the Navy net."
"exp26-u13-020","exp26-u13-020-q10","U13","defensive zone support","defensive-zone-support","explain","coaching","If YOU decide to leave the net front, what should YOU communicate to D1 before making the move?"
"exp26-u13-021","exp26-u13-021-q1","U13","high forward support","high-forward-support","choice","scene","What is the puck state at the board battle?"
"exp26-u13-021","exp26-u13-021-q2","U13","high forward support","high-forward-support","multi","coaching","Which two jobs could high support serve?"
"exp26-u13-021","exp26-u13-021-q3","U13","high forward support","high-forward-support","sequence","coaching","Arrange a read from high support behind the battle."
"exp26-u13-021","exp26-u13-021-q4","U13","high forward support","high-forward-support","position","coaching","Move YOU to a useful high-slot support example without joining the scrum."
"exp26-u13-021","exp26-u13-021-q5","U13","high forward support","high-forward-support","choice","coaching","If F1 wins clean possession and looks inside, what could you offer?"
"exp26-u13-021","exp26-u13-021-q6","U13","high forward support","high-forward-support","explain","coaching","Explain why the high forward’s position matters before the battle is decided."
"exp26-u13-021","exp26-u13-021-q7","U13","high forward support","high-forward-support","choice","scene","Which Navy player is assigned the high support role?"
"exp26-u13-021","exp26-u13-021-q8","U13","high forward support","high-forward-support","multi","coaching","Which two jobs can high support serve?"
"exp26-u13-021","exp26-u13-021-q9","U13","high forward support","high-forward-support","position","coaching","Move YOU to compare a middle support point closer to the blue line than the battle."
"exp26-u13-021","exp26-u13-021-q10","U13","high forward support","high-forward-support","explain","coaching","What should change in your read when F1 wins clean possession?"
"exp26-u13-022","exp26-u13-022-q1","U13","cross ice support","cross-ice-support","choice","scene","Which named area lies between the two forward positions?"
"exp26-u13-022","exp26-u13-022-q2","U13","cross ice support","cross-ice-support","multi","coaching","Select two checks for an inside passing connection."
"exp26-u13-022","exp26-u13-022-q3","U13","cross ice support","cross-ice-support","sequence","coaching","Arrange one way to create a clearer lane."
"exp26-u13-022","exp26-u13-022-q4","U13","cross ice support","cross-ice-support","position","coaching","Move YOU toward a high-slot pocket that changes the passing angle."
"exp26-u13-022","exp26-u13-022-q5","U13","cross ice support","cross-ice-support","choice","coaching","Gold 2 shifts into the high-slot connection. What might help now?"
"exp26-u13-022","exp26-u13-022-q6","U13","cross ice support","cross-ice-support","explain","coaching","Name the space you moved into and explain what made its passing angle different."
"exp26-u13-022","exp26-u13-022-q7","U13","cross ice support","cross-ice-support","choice","coaching","What should YOU call if Gold 2 enters the high-slot connection?"
"exp26-u13-022","exp26-u13-022-q8","U13","cross ice support","cross-ice-support","multi","coaching","Which two cues decide whether a cross-ice look is usable?"
"exp26-u13-022","exp26-u13-022-q9","U13","cross ice support","cross-ice-support","position","coaching","Move YOU into a high-slot pocket that changes F1’s passing angle."
"exp26-u13-022","exp26-u13-022-q10","U13","cross ice support","cross-ice-support","explain","coaching","If Gold 2 shifts to cover the pocket from q9, what would YOU check before offering another spot?"
"exp26-u13-023","exp26-u13-023-q1","U13","receiving control","receiving-control","choice","scene","Have YOU established possession in this freeze?"
"exp26-u13-023","exp26-u13-023-q2","U13","receiving control","receiving-control","multi","coaching","Which two cues affect the next action?"
"exp26-u13-023","exp26-u13-023-q3","U13","receiving control","receiving-control","sequence","coaching","Arrange one response to a difficult neutral-zone pass."
"exp26-u13-023","exp26-u13-023-q4","U13","receiving control","receiving-control","position","coaching","Move YOU to an example position for collecting the unsettled puck."
"exp26-u13-023","exp26-u13-023-q5","U13","receiving control","receiving-control","choice","coaching","If the puck arrives flat and F2’s lane is clearly available, what might change?"
"exp26-u13-023","exp26-u13-023-q6","U13","receiving control","receiving-control","explain","coaching","If Gold 1 could already reach the puck, how might your response change?"
"exp26-u13-023","exp26-u13-023-q7","U13","receiving control","receiving-control","choice","coaching","What should YOU call while F2’s lane is available but the puck is unsettled?"
"exp26-u13-023","exp26-u13-023-q8","U13","receiving control","receiving-control","multi","coaching","Which two cues affect the next touch?"
"exp26-u13-023","exp26-u13-023-q9","U13","receiving control","receiving-control","position","coaching","Move YOU closer to the unsettled puck to compare a collecting angle."
"exp26-u13-023","exp26-u13-023-q10","U13","receiving control","receiving-control","explain","coaching","What would you need to see before recommending a one-touch pass?"
"exp26-u13-024","exp26-u13-024-q1","U13","contested possession","contested-possession","choice","scene","What result is still unknown?"
"exp26-u13-024","exp26-u13-024-q2","U13","contested possession","contested-possession","multi","coaching","Pick two outcomes to prepare for."
"exp26-u13-024","exp26-u13-024-q3","U13","contested possession","contested-possession","sequence","coaching","Arrange a read before committing ahead of this contest."
"exp26-u13-024","exp26-u13-024-q4","U13","contested possession","contested-possession","position","coaching","Move YOU to support the contest while retaining access to middle ice."
"exp26-u13-024","exp26-u13-024-q5","U13","contested possession","contested-possession","choice","coaching","Gold 1 now takes clear control. What changes?"
"exp26-u13-024","exp26-u13-024-q6","U13","contested possession","contested-possession","explain","coaching","How is anticipation different from assuming the puck has already been won?"
"exp26-u13-024","exp26-u13-024-q7","U13","contested possession","contested-possession","choice","coaching","What should YOU call while F1 and Gold 1 contest the loose puck?"
"exp26-u13-024","exp26-u13-024-q8","U13","contested possession","contested-possession","multi","coaching","Which two outcomes should YOU prepare for?"
"exp26-u13-024","exp26-u13-024-q9","U13","contested possession","contested-possession","position","coaching","Move YOU into a support position behind F1 that still protects the middle."
"exp26-u13-024","exp26-u13-024-q10","U13","contested possession","contested-possession","explain","coaching","What does keeping both outcomes available protect YOU from doing?"
"exp26-u13-025","exp26-u13-025-q1","U13","faceoff support","faceoff-support","choice","scene","Which task did the coach assign YOU after the draw?"
"exp26-u13-025","exp26-u13-025-q2","U13","faceoff support","faceoff-support","multi","coaching","Which two facts should update that plan?"
"exp26-u13-025","exp26-u13-025-q3","U13","faceoff support","faceoff-support","sequence","coaching","Arrange one follow-up to this draw."
"exp26-u13-025","exp26-u13-025-q4","U13","faceoff support","faceoff-support","position","coaching","Move YOU toward an example retrieval position near the side boards."
"exp26-u13-025","exp26-u13-025-q5","U13","faceoff support","faceoff-support","choice","coaching","If Gold 1 controls the puck before you arrive, what should you do?"
"exp26-u13-025","exp26-u13-025-q6","U13","faceoff support","faceoff-support","explain","coaching","Why does knowing a faceoff plan not remove the need to read the puck?"
"exp26-u13-025","exp26-u13-025-q7","U13","faceoff support","faceoff-support","choice","scene","Which Navy teammate is assigned to stay inside?"
"exp26-u13-025","exp26-u13-025-q8","U13","faceoff support","faceoff-support","multi","coaching","Which two facts should update that faceoff plan?"
"exp26-u13-025","exp26-u13-025-q9","U13","faceoff support","faceoff-support","position","coaching","Move YOU toward the side-board puck while leaving space for C inside."
"exp26-u13-025","exp26-u13-025-q10","U13","faceoff support","faceoff-support","explain","coaching","Why should C stay inside instead of also chasing the loose puck toward the boards?"
"exp26b-u13-001","exp26b-u13-001-q1","U13","defensive-zone breakout","breakout-reverse-read","choice","scene","Which opponent is closest to YOU?"
"exp26b-u13-001","exp26b-u13-001-q2","U13","defensive-zone breakout","breakout-reverse-read","multi","scene","Which two facts belong in the reverse decision?"
"exp26b-u13-001","exp26b-u13-001-q3","U13","defensive-zone breakout","breakout-reverse-read","sequence","coaching","Put one cautious reverse routine in order."
"exp26b-u13-001","exp26b-u13-001-q4","U13","defensive-zone breakout","breakout-reverse-read","position","coaching","Move D2 to compare another support angle across the middle."
"exp26b-u13-001","exp26b-u13-001-q5","U13","defensive-zone breakout","breakout-reverse-read","choice","coaching","If D2 is covered before the reverse, what should YOU reconsider?"
"exp26b-u13-001","exp26b-u13-001-q6","U13","defensive-zone breakout","breakout-reverse-read","explain","coaching","What would you tell D2 before using the reverse?"
"exp26b-u13-002","exp26b-u13-002-q1","U13","breakout support","breakout-hinge-support","choice","scene","Which player has the puck?"
"exp26b-u13-002","exp26b-u13-002-q2","U13","breakout support","breakout-hinge-support","multi","coaching","Which two details make YOU a useful hinge?"
"exp26b-u13-002","exp26b-u13-002-q3","U13","breakout support","breakout-hinge-support","sequence","coaching","Order one hinge-support read."
"exp26b-u13-002","exp26b-u13-002-q4","U13","breakout support","breakout-hinge-support","position","coaching","Move YOU into an example hinge lane inside Gold 1 and clear of D1’s puck route."
"exp26b-u13-002","exp26b-u13-002-q5","U13","breakout support","breakout-hinge-support","choice","coaching","If Gold 1 steps into the middle lane, what is a useful change?"
"exp26b-u13-002","exp26b-u13-002-q6","U13","breakout support","breakout-hinge-support","explain","coaching","How does your support help D1 even when D1 does not pass?"
"exp26b-u13-003","exp26b-u13-003-q1","U13","neutral-zone regroup","regroup-stagger","choice","scene","How are YOU and D2 positioned along the length of the rink?"
"exp26b-u13-003","exp26b-u13-003-q2","U13","neutral-zone regroup","regroup-stagger","multi","coaching","Which two changes could create a connected second option?"
"exp26b-u13-003","exp26b-u13-003-q3","U13","neutral-zone regroup","regroup-stagger","sequence","coaching","Arrange one staggered support response."
"exp26b-u13-003","exp26b-u13-003-q4","U13","neutral-zone regroup","regroup-stagger","position","coaching","Move YOU wider and closer to Navy’s net than D2."
"exp26b-u13-003","exp26b-u13-003-q5","U13","neutral-zone regroup","regroup-stagger","choice","coaching","If Gold 1 follows your drop, what should YOU notice?"
"exp26b-u13-003","exp26b-u13-003-q6","U13","neutral-zone regroup","regroup-stagger","explain","coaching","How could changing depth alter D1’s options?"
"exp26b-u13-004","exp26b-u13-004-q1","U13","neutral-zone entry","entry-support-lane","choice","scene","Which lane is F1 trying to occupy?"
"exp26b-u13-004","exp26b-u13-004-q2","U13","neutral-zone entry","entry-support-lane","multi","coaching","Which two jobs fit your wide support?"
"exp26b-u13-004","exp26b-u13-004-q3","U13","neutral-zone entry","entry-support-lane","sequence","coaching","Put one entry-support read in order."
"exp26b-u13-004","exp26b-u13-004-q4","U13","neutral-zone entry","entry-support-lane","position","coaching","Move YOU wider while staying closer to the blue line than F1."
"exp26b-u13-004","exp26b-u13-004-q5","U13","neutral-zone entry","entry-support-lane","choice","coaching","If Gold 2 steps into your wall-side lane, what is the next useful read?"
"exp26b-u13-004","exp26b-u13-004-q6","U13","neutral-zone entry","entry-support-lane","explain","coaching","How can wide support help a middle drive without receiving the puck?"
"exp26b-u13-005","exp26b-u13-005-q1","U13","offensive-zone cycle","cycle-low-option","choice","scene","Where are YOU relative to W?"
"exp26b-u13-005","exp26b-u13-005-q2","U13","offensive-zone cycle","cycle-low-option","multi","coaching","Which two relationships help a low cycle?"
"exp26b-u13-005","exp26b-u13-005-q3","U13","offensive-zone cycle","cycle-low-option","sequence","coaching","Order one low-cycle support check."
"exp26b-u13-005","exp26b-u13-005-q4","U13","offensive-zone cycle","cycle-low-option","position","coaching","Move YOU to compare a point nearer the goal line and middle than W."
"exp26b-u13-005","exp26b-u13-005-q5","U13","offensive-zone cycle","cycle-low-option","choice","coaching","If Gold 2 drops below W, what should YOU reconsider?"
"exp26b-u13-005","exp26b-u13-005-q6","U13","offensive-zone cycle","cycle-low-option","explain","coaching","What must W see before using your low option?"
"exp26b-u13-006","exp26b-u13-006-q1","U13","offensive-zone net front","net-front-screen","choice","scene","Which opponent is nearest the direct line from D2 toward the net?"
"exp26b-u13-006","exp26b-u13-006-q2","U13","offensive-zone net front","net-front-screen","multi","coaching","Which two details matter for a useful screen?"
"exp26b-u13-006","exp26b-u13-006-q3","U13","offensive-zone net front","net-front-screen","sequence","coaching","Arrange one screen read."
"exp26b-u13-006","exp26b-u13-006-q4","U13","offensive-zone net front","net-front-screen","position","coaching","Move YOU toward the goal line to compare a net-front position separate from W."
"exp26b-u13-006","exp26b-u13-006-q5","U13","offensive-zone net front","net-front-screen","choice","coaching","If Gold 1 turns to box you out, what could D2 read?"
"exp26b-u13-006","exp26b-u13-006-q6","U13","offensive-zone net front","net-front-screen","explain","coaching","How can you screen without turning the play into a collision?"
"exp26b-u13-007","exp26b-u13-007-q1","U13","point attack","point-lane-adjustment","choice","scene","Which opponent is nearest D2’s direct shooting line?"
"exp26b-u13-007","exp26b-u13-007-q2","U13","point attack","point-lane-adjustment","multi","coaching","Which two alternatives deserve a look?"
"exp26b-u13-007","exp26b-u13-007-q3","U13","point attack","point-lane-adjustment","sequence","coaching","Order one read of a contested shooting lane."
"exp26b-u13-007","exp26b-u13-007-q4","U13","point attack","point-lane-adjustment","position","coaching","Move YOU to compare an offset support position near the net."
"exp26b-u13-007","exp26b-u13-007-q5","U13","point attack","point-lane-adjustment","choice","coaching","If Gold 1 follows your lateral move, what changes first?"
"exp26b-u13-007","exp26b-u13-007-q6","U13","point attack","point-lane-adjustment","explain","coaching","Why should D2 recheck the lane when Gold 1 follows a support move?"
"exp26b-u13-008","exp26b-u13-008-q1","U13","offensive-zone support","give-and-go-reoffer","choice","scene","Who owns the puck after the short pass?"
"exp26b-u13-008","exp26b-u13-008-q2","U13","offensive-zone support","give-and-go-reoffer","multi","coaching","Which two details should shape your reoffer?"
"exp26b-u13-008","exp26b-u13-008-q3","U13","offensive-zone support","give-and-go-reoffer","sequence","coaching","Arrange one give-and-go reoffer."
"exp26b-u13-008","exp26b-u13-008-q4","U13","offensive-zone support","give-and-go-reoffer","position","coaching","Move YOU nearer the middle and toward the goal line to compare a return angle."
"exp26b-u13-008","exp26b-u13-008-q5","U13","offensive-zone support","give-and-go-reoffer","choice","coaching","If Gold 1 steps into the new return lane, what is a sensible next read?"
"exp26b-u13-008","exp26b-u13-008-q6","U13","offensive-zone support","give-and-go-reoffer","explain","coaching","How do you know your second movement improved the play?"
"exp26b-u13-009","exp26b-u13-009-q1","U13","offensive-zone puck protection","puck-protection-wall","choice","scene","From which side is Gold 1 closing?"
"exp26b-u13-009","exp26b-u13-009-q2","U13","offensive-zone puck protection","puck-protection-wall","multi","coaching","Which two checks help before turning with the puck?"
"exp26b-u13-009","exp26b-u13-009-q3","U13","offensive-zone puck protection","puck-protection-wall","sequence","coaching","Order one protective turn."
"exp26b-u13-009","exp26b-u13-009-q4","U13","offensive-zone puck protection","puck-protection-wall","position","coaching","Move YOU nearer the boards to compare a protective angle."
"exp26b-u13-009","exp26b-u13-009-q5","U13","offensive-zone puck protection","puck-protection-wall","choice","coaching","If F2 becomes clearly available behind the puck toward the blue line, what might help?"
"exp26b-u13-009","exp26b-u13-009-q6","U13","offensive-zone puck protection","puck-protection-wall","explain","coaching","What makes a protective turn useful in this scene?"
"exp26b-u13-010","exp26b-u13-010-q1","U13","neutral-zone defence","rush-gap-support","choice","scene","Which attacker is inside?"
"exp26b-u13-010","exp26b-u13-010-q2","U13","neutral-zone defence","rush-gap-support","multi","coaching","Which two checks matter before closing?"
"exp26b-u13-010","exp26b-u13-010-q3","U13","neutral-zone defence","rush-gap-support","sequence","coaching","Arrange one inside-first gap read."
"exp26b-u13-010","exp26b-u13-010-q4","U13","neutral-zone defence","rush-gap-support","position","coaching","Move YOU to compare a closer net-side position against Gold 1."
"exp26b-u13-010","exp26b-u13-010-q5","U13","neutral-zone defence","rush-gap-support","choice","coaching","If Gold 2 cuts toward the middle, what should YOU reconsider first?"
"exp26b-u13-010","exp26b-u13-010-q6","U13","neutral-zone defence","rush-gap-support","explain","coaching","Why is the drawn distance alone insufficient for an exact gap?"
"exp26b-u13-011","exp26b-u13-011-q1","U13","defensive angling","angle-to-wall","choice","scene","Where is Gold 1 carrying?"
"exp26b-u13-011","exp26b-u13-011-q2","U13","defensive angling","angle-to-wall","multi","coaching","Which two relationships fit the angling goal?"
"exp26b-u13-011","exp26b-u13-011-q3","U13","defensive angling","angle-to-wall","sequence","coaching","Order one angling approach."
"exp26b-u13-011","exp26b-u13-011-q4","U13","defensive angling","angle-to-wall","position","coaching","Move YOU to compare an approach nearer the middle and Navy’s net than Gold 1."
"exp26b-u13-011","exp26b-u13-011-q5","U13","defensive angling","angle-to-wall","choice","coaching","If Gold 1 passes to Gold 2, what deserves attention?"
"exp26b-u13-011","exp26b-u13-011-q6","U13","defensive angling","angle-to-wall","explain","coaching","Why can a fast approach be unhelpful here?"
"exp26b-u13-012","exp26b-u13-012-q1","U13","transition defence","backcheck-middle","choice","scene","Which attacker is the inside support threat?"
"exp26b-u13-012","exp26b-u13-012-q2","U13","transition defence","backcheck-middle","multi","coaching","Which two reads make your backcheck useful?"
"exp26b-u13-012","exp26b-u13-012-q3","U13","transition defence","backcheck-middle","sequence","coaching","Arrange one middle-lane backcheck."
"exp26b-u13-012","exp26b-u13-012-q4","U13","transition defence","backcheck-middle","position","coaching","Move YOU toward the middle while remaining closer to Navy’s net than Gold 2."
"exp26b-u13-012","exp26b-u13-012-q5","U13","transition defence","backcheck-middle","choice","coaching","If Gold 2 receives before you arrive, what changes?"
"exp26b-u13-012","exp26b-u13-012-q6","U13","transition defence","backcheck-middle","explain","coaching","How can you tell you are helping D1 rather than duplicating D1?"
"exp26b-u13-013","exp26b-u13-013-q1","U13","defensive-zone coverage","weak-side-low-coverage","choice","scene","Who is the off-puck low threat?"
"exp26b-u13-013","exp26b-u13-013-q2","U13","defensive-zone coverage","weak-side-low-coverage","multi","coaching","Which two things should YOU keep in view?"
"exp26b-u13-013","exp26b-u13-013-q3","U13","defensive-zone coverage","weak-side-low-coverage","sequence","coaching","Arrange one off-puck coverage scan."
"exp26b-u13-013","exp26b-u13-013-q4","U13","defensive-zone coverage","weak-side-low-coverage","position","coaching","Move YOU across the middle to compare a position near Gold 2."
"exp26b-u13-013","exp26b-u13-013-q5","U13","defensive-zone coverage","weak-side-low-coverage","choice","coaching","Gold 2 cuts from the far-side low slot toward the net. What must YOU update?"
"exp26b-u13-013","exp26b-u13-013-q6","U13","defensive-zone coverage","weak-side-low-coverage","explain","coaching","How can YOU check the puck without losing Gold 2?"
"exp26b-u13-014","exp26b-u13-014-q1","U13","net-front defence","rebound-role-choice","choice","scene","Which shown skater is closest to the loose rebound?"
"exp26b-u13-014","exp26b-u13-014-q2","U13","net-front defence","rebound-role-choice","multi","coaching","Which two cues shape your second job?"
"exp26b-u13-014","exp26b-u13-014-q3","U13","net-front defence","rebound-role-choice","sequence","coaching","Arrange one second-player rebound read."
"exp26b-u13-014","exp26b-u13-014-q4","U13","net-front defence","rebound-role-choice","position","coaching","Move YOU to a net-side cover position while D1 approaches the loose rebound."
"exp26b-u13-014","exp26b-u13-014-q5","U13","net-front defence","rebound-role-choice","choice","coaching","If D1 gains clear control, what should YOU reassess?"
"exp26b-u13-014","exp26b-u13-014-q6","U13","net-front defence","rebound-role-choice","explain","coaching","Why must a rebound read distinguish loose from controlled?"
"exp26b-u13-015","exp26b-u13-015-q1","U13","defensive recovery","pinch-recovery","choice","scene","What happened to D1’s pinch?"
"exp26b-u13-015","exp26b-u13-015-q2","U13","defensive recovery","pinch-recovery","multi","coaching","Which two dangers should YOU read?"
"exp26b-u13-015","exp26b-u13-015-q3","U13","defensive recovery","pinch-recovery","sequence","coaching","Arrange one failed-pinch recovery."
"exp26b-u13-015","exp26b-u13-015-q4","U13","defensive recovery","pinch-recovery","position","coaching","Move YOU toward the middle while remaining closer to Navy’s net than Gold 2."
"exp26b-u13-015","exp26b-u13-015-q5","U13","defensive recovery","pinch-recovery","choice","coaching","If Gold 2 receives before you arrive, what is your priority?"
"exp26b-u13-015","exp26b-u13-015-q6","U13","defensive recovery","pinch-recovery","explain","coaching","Why does the failed pinch change your next read?"
"exp26b-u13-016","exp26b-u13-016-q1","U13","transition defence","post-interception-cover","choice","scene","Which team has possession now?"
"exp26b-u13-016","exp26b-u13-016-q2","U13","transition defence","post-interception-cover","multi","coaching","Which two concerns follow the interception?"
"exp26b-u13-016","exp26b-u13-016-q3","U13","transition defence","post-interception-cover","sequence","coaching","Arrange one immediate cover response."
"exp26b-u13-016","exp26b-u13-016-q4","U13","transition defence","post-interception-cover","position","coaching","Move YOU to compare a middle cover point after the interception."
"exp26b-u13-016","exp26b-u13-016-q5","U13","transition defence","post-interception-cover","choice","coaching","Imagine D1 wins the puck back while Gold 2 remains in the middle. Which call gives the team useful new information?"
"exp26b-u13-016","exp26b-u13-016-q6","U13","transition defence","post-interception-cover","explain","coaching","Name one attacking intention you must abandon after the interception."
"exp26b-u13-017","exp26b-u13-017-q1","U13","defensive coverage","defensive-switch-call","choice","scene","Which job is explicitly assigned to YOU?"
"exp26b-u13-017","exp26b-u13-017-q2","U13","defensive coverage","defensive-switch-call","multi","coaching","Which two pieces of information should be called?"
"exp26b-u13-017","exp26b-u13-017-q3","U13","defensive coverage","defensive-switch-call","sequence","coaching","Arrange one communicated switch."
"exp26b-u13-017","exp26b-u13-017-q4","U13","defensive coverage","defensive-switch-call","position","coaching","Move YOU nearer the middle while staying closer to Navy’s net than Gold 2."
"exp26b-u13-017","exp26b-u13-017-q5","U13","defensive coverage","defensive-switch-call","choice","coaching","If Gold 2 cuts behind YOU, what should you do?"
"exp26b-u13-017","exp26b-u13-017-q6","U13","defensive coverage","defensive-switch-call","explain","coaching","What makes a switch useful instead of two players chasing one puck?"
"exp26b-u13-018","exp26b-u13-018-q1","U13","breakout support","pinch-escape","choice","scene","What is D1 doing after pinching down from the blue line?"
"exp26b-u13-018","exp26b-u13-018-q2","U13","breakout support","pinch-escape","multi","coaching","Which two cues support a quick wall escape?"
"exp26b-u13-018","exp26b-u13-018-q3","U13","breakout support","pinch-escape","sequence","coaching","Arrange one pinch-escape read."
"exp26b-u13-018","exp26b-u13-018-q4","U13","breakout support","pinch-escape","position","coaching","Move W nearer the middle while staying closer to the blue line than YOU."
"exp26b-u13-018","exp26b-u13-018-q5","U13","breakout support","pinch-escape","choice","coaching","If Gold 1 takes away W, what should YOU reassess?"
"exp26b-u13-018","exp26b-u13-018-q6","U13","breakout support","pinch-escape","explain","coaching","Why does a pinch make the wall support cue more important?"
"exp26b-u13-019","exp26b-u13-019-q1","U13","defensive-zone breakout","goalie-outlet-support","choice","scene","Who receives the goalie’s outlet?"
"exp26b-u13-019","exp26b-u13-019-q2","U13","defensive-zone breakout","goalie-outlet-support","multi","coaching","Which two changes should YOU make?"
"exp26b-u13-019","exp26b-u13-019-q3","U13","defensive-zone breakout","goalie-outlet-support","sequence","coaching","Arrange one goalie-outlet support change."
"exp26b-u13-019","exp26b-u13-019-q4","U13","defensive-zone breakout","goalie-outlet-support","position","coaching","Move YOU nearer the middle to compare an outlet for D1."
"exp26b-u13-019","exp26b-u13-019-q5","U13","defensive-zone breakout","goalie-outlet-support","choice","coaching","If Gold 1 closes the middle outlet, what is a useful update?"
"exp26b-u13-019","exp26b-u13-019-q6","U13","defensive-zone breakout","goalie-outlet-support","explain","coaching","Why does the goalie’s release change your support job?"
"exp26b-u13-020","exp26b-u13-020-q1","U13","neutral-zone transition","third-player-balance","choice","scene","What is your current role?"
"exp26b-u13-020","exp26b-u13-020-q2","U13","neutral-zone transition","third-player-balance","multi","coaching","Which two outcomes should your height support?"
"exp26b-u13-020","exp26b-u13-020-q3","U13","neutral-zone transition","third-player-balance","sequence","coaching","Arrange one third-player read."
"exp26b-u13-020","exp26b-u13-020-q4","U13","neutral-zone transition","third-player-balance","position","coaching","Move YOU toward the middle while staying behind F1 toward the blue line."
"exp26b-u13-020","exp26b-u13-020-q5","U13","neutral-zone transition","third-player-balance","choice","coaching","If F1 loses control, what should YOU do first?"
"exp26b-u13-020","exp26b-u13-020-q6","U13","neutral-zone transition","third-player-balance","explain","coaching","Why is the third player more than a late scoring option?"
"exp26b-u13-021","exp26b-u13-021-q1","U13","breakout retrieval","behind-net-escape","choice","scene","Where are YOU with the puck?"
"exp26b-u13-021","exp26b-u13-021-q2","U13","breakout retrieval","behind-net-escape","multi","coaching","Which two facts make behind-net space useful?"
"exp26b-u13-021","exp26b-u13-021-q3","U13","breakout retrieval","behind-net-escape","sequence","coaching","Arrange one behind-net escape."
"exp26b-u13-021","exp26b-u13-021-q4","U13","breakout retrieval","behind-net-escape","position","coaching","Move D2 nearer the middle to compare an outlet from behind the net."
"exp26b-u13-021","exp26b-u13-021-q5","U13","breakout retrieval","behind-net-escape","choice","coaching","If Gold 1 follows behind the net, what deserves a fresh read?"
"exp26b-u13-021","exp26b-u13-021-q6","U13","breakout retrieval","behind-net-escape","explain","coaching","How does the net change the forechecker’s approach without guaranteeing an exit?"
"exp26b-u13-022","exp26b-u13-022-q1","U13","neutral-zone entry","entry-delay-support","choice","scene","What has F1 done before this freeze?"
"exp26b-u13-022","exp26b-u13-022-q2","U13","neutral-zone entry","entry-delay-support","multi","coaching","Which two things help YOU stay useful during the delay?"
"exp26b-u13-022","exp26b-u13-022-q3","U13","neutral-zone entry","entry-delay-support","sequence","coaching","Order one delayed-entry support."
"exp26b-u13-022","exp26b-u13-022-q4","U13","neutral-zone entry","entry-delay-support","position","coaching","Move YOU nearer the middle while staying behind F1 toward the blue line."
"exp26b-u13-022","exp26b-u13-022-q5","U13","neutral-zone entry","entry-delay-support","choice","coaching","If F1 loses control during the delay, what must YOU reassess first?"
"exp26b-u13-022","exp26b-u13-022-q6","U13","neutral-zone entry","entry-delay-support","explain","coaching","What does saving ice mean in this particular scene?"
"exp26b-u13-023","exp26b-u13-023-q1","U13","offensive-zone possession","slot-crowd-reset","choice","scene","What is crowded in this freeze?"
"exp26b-u13-023","exp26b-u13-023-q2","U13","offensive-zone possession","slot-crowd-reset","multi","coaching","Which two reset cues are visible?"
"exp26b-u13-023","exp26b-u13-023-q3","U13","offensive-zone possession","slot-crowd-reset","sequence","coaching","Arrange one crowded-slot reset."
"exp26b-u13-023","exp26b-u13-023-q4","U13","offensive-zone possession","slot-crowd-reset","position","coaching","Move YOU nearer the blue line to compare a reset angle from W."
"exp26b-u13-023","exp26b-u13-023-q5","U13","offensive-zone possession","slot-crowd-reset","choice","coaching","If Gold 1 follows YOU high, what might help W?"
"exp26b-u13-023","exp26b-u13-023-q6","U13","offensive-zone possession","slot-crowd-reset","explain","coaching","Why is a reset a positive action here?"
"exp26b-u13-024","exp26b-u13-024-q1","U13","late-game possession","line-change-puck-management","choice","scene","Which objective is explicitly stated?"
"exp26b-u13-024","exp26b-u13-024-q2","U13","late-game possession","line-change-puck-management","multi","coaching","Which two cues support a wall-side hold?"
"exp26b-u13-024","exp26b-u13-024-q3","U13","late-game possession","line-change-puck-management","sequence","coaching","Arrange one change-management read."
"exp26b-u13-024","exp26b-u13-024-q4","U13","late-game possession","line-change-puck-management","position","coaching","Move D2 closer to YOU to compare a short support angle."
"exp26b-u13-024","exp26b-u13-024-q5","U13","late-game possession","line-change-puck-management","choice","coaching","If middle opens before W returns, what can change?"
"exp26b-u13-024","exp26b-u13-024-q6","U13","late-game possession","line-change-puck-management","explain","coaching","Why is a safe-side hold a decision rather than a default?"
"exp26b-u13-025","exp26b-u13-025-q1","U13","defensive-zone recovery","failed-clear-recovery","choice","scene","What is the puck state?"
"exp26b-u13-025","exp26b-u13-025-q2","U13","defensive-zone recovery","failed-clear-recovery","multi","coaching","Which two jobs need separating?"
"exp26b-u13-025","exp26b-u13-025-q3","U13","defensive-zone recovery","failed-clear-recovery","sequence","coaching","Arrange one failed-clear recovery."
"exp26b-u13-025","exp26b-u13-025-q4","U13","defensive-zone recovery","failed-clear-recovery","position","coaching","Move D1 to compare a position nearer Navy’s net than Gold 1."
"exp26b-u13-025","exp26b-u13-025-q5","U13","defensive-zone recovery","failed-clear-recovery","choice","coaching","If Gold 1 gains clear control, what changes?"
"exp26b-u13-025","exp26b-u13-025-q6","U13","defensive-zone recovery","failed-clear-recovery","explain","coaching","Why is a failed clear a role-change moment?"
"exp26-u15-001","exp26-u15-001-q1","U15","Offensive blue line","supported-pinch","choice","scene","Is the stated high cover already established?"
"exp26-u15-001","exp26-u15-001-q2","U15","Offensive blue line","supported-pinch","multi","coaching","Select two checks before acting on the pinch option."
"exp26-u15-001","exp26-u15-001-q3","U15","Offensive blue line","supported-pinch","sequence","coaching","Arrange a supported-pinch decision."
"exp26-u15-001","exp26-u15-001-q4","U15","Offensive blue line","supported-pinch","position","coaching","Move YOU to a conservative high position while cover is uncertain."
"exp26-u15-001","exp26-u15-001-q5","U15","Offensive blue line","supported-pinch","choice","coaching","F3 now reaches your vacated point and calls the switch. What changes?"
"exp26-u15-001","exp26-u15-001-q6","U15","Offensive blue line","supported-pinch","explain","coaching","Explain what makes this a supported pinch rather than simply an aggressive move."
"exp26-u15-001","exp26-u15-001-q7","U15","Offensive blue line","supported-pinch","choice","coaching","F3 has not reached YOUR high position. Which call fits before a possible pinch?"
"exp26-u15-001","exp26-u15-001-q8","U15","Offensive blue line","supported-pinch","multi","coaching","After F3 reaches high cover, which changes would make YOU reconsider the pinch?"
"exp26-u15-001","exp26-u15-001-q9","U15","Offensive blue line","supported-pinch","position","coaching","Move F3 to illustrate the named replacement for YOUR high position."
"exp26-u15-001","exp26-u15-001-q10","U15","Offensive blue line","supported-pinch","explain","coaching","F3 reaches YOUR high area, but the loose puck travels past F1 toward neutral ice. What changes?"
"exp26-u15-002","exp26-u15-002-q1","U15","Power-play support","power-play-local-advantage","choice","scene","What manpower advantage is explicitly shown?"
"exp26-u15-002","exp26-u15-002-q2","U15","Power-play support","power-play-local-advantage","multi","coaching","Which two checks matter before moving the puck past Gold 1?"
"exp26-u15-002","exp26-u15-002-q3","U15","Power-play support","power-play-local-advantage","sequence","coaching","Order a local power-play read."
"exp26-u15-002","exp26-u15-002-q4","U15","Power-play support","power-play-local-advantage","position","coaching","Move YOU along the half wall to compare a new passing angle."
"exp26-u15-002","exp26-u15-002-q5","U15","Power-play support","power-play-local-advantage","choice","coaching","Gold 1 commits down toward F2. Which option deserves a fresh check?"
"exp26-u15-002","exp26-u15-002-q6","U15","Power-play support","power-play-local-advantage","explain","coaching","Name your rink area and explain how changing the angle can affect two receivers."
"exp26-u15-002","exp26-u15-002-q7","U15","Power-play support","power-play-local-advantage","choice","coaching","What should YOU call before moving the puck?"
"exp26-u15-002","exp26-u15-002-q8","U15","Power-play support","power-play-local-advantage","multi","coaching","Which two updates can make F3 the better option?"
"exp26-u15-002","exp26-u15-002-q9","U15","Power-play support","power-play-local-advantage","position","coaching","Move YOU nearer the middle to compare a passing angle toward F3."
"exp26-u15-002","exp26-u15-002-q10","U15","Power-play support","power-play-local-advantage","explain","coaching","Gold 1 closes F3 instead. What should YOU re-read?"
"exp26-u15-003","exp26-u15-003-q1","U15","Penalty-kill coverage","penalty-kill-shift","choice","scene","What role do YOU have in this setup?"
"exp26-u15-003","exp26-u15-003-q2","U15","Penalty-kill coverage","penalty-kill-shift","multi","coaching","Choose two checks during a flank-to-flank change."
"exp26-u15-003","exp26-u15-003-q3","U15","Penalty-kill coverage","penalty-kill-shift","sequence","coaching","Arrange one coordinated shift."
"exp26-u15-003","exp26-u15-003-q4","U15","Penalty-kill coverage","penalty-kill-shift","position","coaching","Move YOU to compare a more central low-slot cover position."
"exp26-u15-003","exp26-u15-003-q5","U15","Penalty-kill coverage","penalty-kill-shift","choice","coaching","Suppose Gold passes to Gold 5 on the opposite half wall. What should you check?"
"exp26-u15-003","exp26-u15-003-q6","U15","Penalty-kill coverage","penalty-kill-shift","explain","coaching","Why can a penalty kill not simply cover every possible pass at once?"
"exp26-u15-003","exp26-u15-003-q7","U15","Penalty-kill coverage","penalty-kill-shift","choice","coaching","What should YOU communicate during the flank shift?"
"exp26-u15-003","exp26-u15-003-q8","U15","Penalty-kill coverage","penalty-kill-shift","multi","coaching","Which two cues change the exchange?"
"exp26-u15-003","exp26-u15-003-q9","U15","Penalty-kill coverage","penalty-kill-shift","position","coaching","Move YOU nearer the middle to compare low-slot cover."
"exp26-u15-003","exp26-u15-003-q10","U15","Penalty-kill coverage","penalty-kill-shift","explain","coaching","Gold 5 receives on the opposite side. What communication is needed?"
"exp26-u15-004","exp26-u15-004-q1","U15","Special-teams faceoff","power-play-faceoff-recovery","choice","scene","Has the power play secured the puck yet?"
"exp26-u15-004","exp26-u15-004-q2","U15","Special-teams faceoff","power-play-faceoff-recovery","multi","coaching","Pick two priorities for your assigned retrieval."
"exp26-u15-004","exp26-u15-004-q3","U15","Special-teams faceoff","power-play-faceoff-recovery","sequence","coaching","Arrange a possible start after this draw."
"exp26-u15-004","exp26-u15-004-q4","U15","Special-teams faceoff","power-play-faceoff-recovery","position","coaching","Move YOU to an example retrieval angle near the puck-side circle."
"exp26-u15-004","exp26-u15-004-q5","U15","Special-teams faceoff","power-play-faceoff-recovery","choice","coaching","If Gold 1 reaches the puck first, what is useful?"
"exp26-u15-004","exp26-u15-004-q6","U15","Special-teams faceoff","power-play-faceoff-recovery","explain","coaching","Why include a backup player in a faceoff retrieval plan?"
"exp26-u15-004","exp26-u15-004-q7","U15","Special-teams faceoff","power-play-faceoff-recovery","choice","coaching","What should YOU say before chasing the drawn puck?"
"exp26-u15-004","exp26-u15-004-q8","U15","Special-teams faceoff","power-play-faceoff-recovery","multi","coaching","Which two updates change the retrieval branch?"
"exp26-u15-004","exp26-u15-004-q9","U15","Special-teams faceoff","power-play-faceoff-recovery","position","coaching","Move F2 to an example low support position near YOU."
"exp26-u15-004","exp26-u15-004-q10","U15","Special-teams faceoff","power-play-faceoff-recovery","explain","coaching","Gold 1 wins the puck after the draw. Explain your first communication."
"exp26-u15-005","exp26-u15-005-q1","U15","Zone-entry timing","entry-role-replacement","choice","scene","Who carries the puck after the described pass?"
"exp26-u15-005","exp26-u15-005-q2","U15","Zone-entry timing","entry-role-replacement","multi","coaching","Which two things matter when filling high support?"
"exp26-u15-005","exp26-u15-005-q3","U15","Zone-entry timing","entry-role-replacement","sequence","coaching","Arrange the stated post-pass support change."
"exp26-u15-005","exp26-u15-005-q4","U15","Zone-entry timing","entry-role-replacement","position","coaching","Move YOU into a high-slot support example after the pass."
"exp26-u15-005","exp26-u15-005-q5","U15","Zone-entry timing","entry-role-replacement","choice","coaching","If F2 immediately loses the puck to Gold 2, what takes priority in your read?"
"exp26-u15-005","exp26-u15-005-q6","U15","Zone-entry timing","entry-role-replacement","explain","coaching","Name the space you filled and the option it leaves for F2."
"exp26-u15-005","exp26-u15-005-q7","U15","Zone-entry timing","entry-role-replacement","choice","coaching","What should YOU communicate after F2 receives?"
"exp26-u15-005","exp26-u15-005-q8","U15","Zone-entry timing","entry-role-replacement","multi","coaching","Which two cues decide whether to stay high?"
"exp26-u15-005","exp26-u15-005-q9","U15","Zone-entry timing","entry-role-replacement","position","coaching","Move YOU to a high support point separated from F2."
"exp26-u15-005","exp26-u15-005-q10","U15","Zone-entry timing","entry-role-replacement","explain","coaching","Gold 2 wins the puck. What responsibility changes first?"
"exp26-u15-006","exp26-u15-006-q1","U15","Backchecking","backcheck-communication","choice","scene","Who does D1 explicitly call responsibility for?"
"exp26-u15-006","exp26-u15-006-q2","U15","Backchecking","backcheck-communication","multi","coaching","Which two checks help your next recovery action?"
"exp26-u15-006","exp26-u15-006-q3","U15","Backchecking","backcheck-communication","sequence","coaching","Arrange one response to D1’s call."
"exp26-u15-006","exp26-u15-006-q4","U15","Backchecking","backcheck-communication","position","coaching","Move YOU toward a net-side recovery relationship with Gold 2."
"exp26-u15-006","exp26-u15-006-q5","U15","Backchecking","backcheck-communication","choice","coaching","Gold 1 beats D1 inside. What must YOU reconsider?"
"exp26-u15-006","exp26-u15-006-q6","U15","Backchecking","backcheck-communication","explain","coaching","What would YOU communicate if your recovery changes from Gold 2 toward the puck?"
"exp26-u15-006","exp26-u15-006-q7","U15","Backchecking","backcheck-communication","choice","coaching","What should YOU say while D1 contains Gold 1?"
"exp26-u15-006","exp26-u15-006-q8","U15","Backchecking","backcheck-communication","multi","coaching","Which two events require a new recovery read?"
"exp26-u15-006","exp26-u15-006-q9","U15","Backchecking","backcheck-communication","position","coaching","If Gold 1 beats D1 inside, compare a middle recovery target closer to Navy’s net."
"exp26-u15-006","exp26-u15-006-q10","U15","Backchecking","backcheck-communication","explain","coaching","Gold 1 beats D1 inside. Explain how YOU communicate the switch."
"exp26-u15-007","exp26-u15-007-q1","U15","Neutral-zone regroup","regroup-under-pressure","choice","scene","Which teammate is deeper and across the rink from YOU?"
"exp26-u15-007","exp26-u15-007-q2","U15","Neutral-zone regroup","regroup-under-pressure","multi","coaching","Which two checks matter for the reset?"
"exp26-u15-007","exp26-u15-007-q3","U15","Neutral-zone regroup","regroup-under-pressure","sequence","coaching","Arrange a possible reset assessment."
"exp26-u15-007","exp26-u15-007-q4","U15","Neutral-zone regroup","regroup-under-pressure","position","coaching","Move YOU to compare a different angle for the D-to-D option."
"exp26-u15-007","exp26-u15-007-q5","U15","Neutral-zone regroup","regroup-under-pressure","choice","coaching","Gold 2 leaves F1’s route to close on D2. What deserves attention?"
"exp26-u15-007","exp26-u15-007-q6","U15","Neutral-zone regroup","regroup-under-pressure","explain","coaching","What makes a reset useful rather than merely moving the same problem to D2?"
"exp26-u15-007","exp26-u15-007-q7","U15","Neutral-zone regroup","regroup-under-pressure","choice","coaching","What should YOU communicate during the regroup?"
"exp26-u15-007","exp26-u15-007-q8","U15","Neutral-zone regroup","regroup-under-pressure","multi","coaching","Which two changes can make the D-to-D option poor?"
"exp26-u15-007","exp26-u15-007-q9","U15","Neutral-zone regroup","regroup-under-pressure","position","coaching","Move YOU to compare a different passing angle toward D2."
"exp26-u15-007","exp26-u15-007-q10","U15","Neutral-zone regroup","regroup-under-pressure","explain","coaching","Gold 2 leaves F1 to close D2, but Gold 3 fills the lane. What should YOU re-read?"
"exp26-u15-008","exp26-u15-008-q1","U15","Coverage communication","defensive-zone-role-switch","choice","scene","Where is the puck carrier relative to the Navy net?"
"exp26-u15-008","exp26-u15-008-q2","U15","Coverage communication","defensive-zone-role-switch","multi","coaching","Choose two details to communicate during a side change."
"exp26-u15-008","exp26-u15-008-q3","U15","Coverage communication","defensive-zone-role-switch","sequence","coaching","Arrange one response if Gold 1 moves behind the net to D2’s side."
"exp26-u15-008","exp26-u15-008-q4","U15","Coverage communication","defensive-zone-role-switch","position","coaching","Move YOU to compare a net-side position on your current side."
"exp26-u15-008","exp26-u15-008-q5","U15","Coverage communication","defensive-zone-role-switch","choice","coaching","C is drawn away and Gold 2 becomes uncovered. What should be recognized?"
"exp26-u15-008","exp26-u15-008-q6","U15","Coverage communication","defensive-zone-role-switch","explain","coaching","Why is “switch” alone sometimes an incomplete message here?"
"exp26-u15-008","exp26-u15-008-q7","U15","Coverage communication","defensive-zone-role-switch","choice","coaching","What should YOU communicate when Gold moves behind the net?"
"exp26-u15-008","exp26-u15-008-q8","U15","Coverage communication","defensive-zone-role-switch","multi","coaching","Which two cues shape a side change?"
"exp26-u15-008","exp26-u15-008-q9","U15","Coverage communication","defensive-zone-role-switch","position","coaching","After Gold 1 moves to D2’s side, compare a slot-support point separate from C."
"exp26-u15-008","exp26-u15-008-q10","U15","Coverage communication","defensive-zone-role-switch","explain","coaching","C is pulled away and Gold 2 becomes uncovered. What do YOU name?"
"exp26-u15-009","exp26-u15-009-q1","U15","Offensive support","cycle-support-rotation","choice","scene","Which two forwards are already deeper in Gold’s end than YOU?"
"exp26-u15-009","exp26-u15-009-q2","U15","Offensive support","cycle-support-rotation","multi","coaching","Which two checks help retain a high outlet?"
"exp26-u15-009","exp26-u15-009-q3","U15","Offensive support","cycle-support-rotation","sequence","coaching","Arrange a high-support read during this cycle."
"exp26-u15-009","exp26-u15-009-q4","U15","Offensive support","cycle-support-rotation","position","coaching","Move YOU into a high-slot pocket separated from the two low forwards."
"exp26-u15-009","exp26-u15-009-q5","U15","Offensive support","cycle-support-rotation","choice","coaching","If F1 passes to YOU in that pocket, what should happen next?"
"exp26-u15-009","exp26-u15-009-q6","U15","Offensive support","cycle-support-rotation","explain","coaching","Explain the difference between the high slot and following F2 down the half wall."
"exp26-u15-009","exp26-u15-009-q7","U15","Offensive support","cycle-support-rotation","choice","coaching","What should YOU call while F2 cycles below?"
"exp26-u15-009","exp26-u15-009-q8","U15","Offensive support","cycle-support-rotation","multi","coaching","Which two cues support staying high?"
"exp26-u15-009","exp26-u15-009-q9","U15","Offensive support","cycle-support-rotation","position","coaching","If F2 receives a cycle pass behind the goal line, compare a new high support point."
"exp26-u15-009","exp26-u15-009-q10","U15","Offensive support","cycle-support-rotation","explain","coaching","F1 passes to YOU in the pocket. What should be scanned next?"
"exp26-u15-010","exp26-u15-010-q1","U15","Shooting and traffic","point-shot-traffic","choice","scene","Which Navy player is nearest the net-front area?"
"exp26-u15-010","exp26-u15-010-q2","U15","Shooting and traffic","point-shot-traffic","multi","coaching","Choose two checks before treating a screened shot as useful."
"exp26-u15-010","exp26-u15-010-q3","U15","Shooting and traffic","point-shot-traffic","sequence","coaching","Arrange one traffic-aware point decision."
"exp26-u15-010","exp26-u15-010-q4","U15","Shooting and traffic","point-shot-traffic","position","coaching","Move YOU toward a different point-to-slot shooting angle."
"exp26-u15-010","exp26-u15-010-q5","U15","Shooting and traffic","point-shot-traffic","multi","coaching","F1 moves away before release. Which two checks are useful now?"
"exp26-u15-010","exp26-u15-010-q6","U15","Shooting and traffic","point-shot-traffic","explain","coaching","Why should feedback avoid saying that a screened point shot is always best?"
"exp26-u15-010","exp26-u15-010-q7","U15","Shooting and traffic","point-shot-traffic","choice","coaching","What should YOU communicate before the point shot?"
"exp26-u15-010","exp26-u15-010-q8","U15","Shooting and traffic","point-shot-traffic","multi","coaching","Which two cues affect a screened shot?"
"exp26-u15-010","exp26-u15-010-q9","U15","Shooting and traffic","point-shot-traffic","position","coaching","Move YOU to compare another shooting angle toward the net."
"exp26-u15-010","exp26-u15-010-q10","U15","Shooting and traffic","point-shot-traffic","explain","coaching","F1 moves away before release. What changes in your explanation?"
"exp26-u15-011","exp26-u15-011-q1","U15","Breakout communication","goalie-outlet-support","choice","scene","Why is the puck not assigned to YOU yet?"
"exp26-u15-011","exp26-u15-011-q2","U15","Breakout communication","goalie-outlet-support","multi","coaching","Select two receiver checks before the pass arrives."
"exp26-u15-011","exp26-u15-011-q3","U15","Breakout communication","goalie-outlet-support","sequence","coaching","Arrange one outlet reception routine."
"exp26-u15-011","exp26-u15-011-q4","U15","Breakout communication","goalie-outlet-support","position","coaching","Move YOU nearer the arriving puck to compare a receiving angle."
"exp26-u15-011","exp26-u15-011-q5","U15","Breakout communication","goalie-outlet-support","choice","coaching","Gold 1 reaches your planned next lane before reception. What is sensible?"
"exp26-u15-011","exp26-u15-011-q6","U15","Breakout communication","goalie-outlet-support","explain","coaching","What could YOU communicate to help the goalie before the next retrieval?"
"exp26-u15-011","exp26-u15-011-q7","U15","Breakout communication","goalie-outlet-support","choice","coaching","What should YOU tell the goalie before the outlet?"
"exp26-u15-011","exp26-u15-011-q8","U15","Breakout communication","goalie-outlet-support","multi","coaching","Which two checks matter right after YOU gain control of the puck?"
"exp26-u15-011","exp26-u15-011-q9","U15","Breakout communication","goalie-outlet-support","position","coaching","Move YOU to compare another receiving angle toward the goalie’s pass."
"exp26-u15-011","exp26-u15-011-q10","U15","Breakout communication","goalie-outlet-support","explain","coaching","Gold 1 reaches your planned lane first. What should YOU communicate?"
"exp26-u15-012","exp26-u15-012-q1","U15","Rush decision","odd-man-puck-carrier","choice","scene","What has Gold 1 explicitly changed?"
"exp26-u15-012","exp26-u15-012-q2","U15","Rush decision","odd-man-puck-carrier","multi","coaching","Which two cues belong in your next choice?"
"exp26-u15-012","exp26-u15-012-q3","U15","Rush decision","odd-man-puck-carrier","sequence","coaching","Arrange one read after the lane changes."
"exp26-u15-012","exp26-u15-012-q4","U15","Rush decision","odd-man-puck-carrier","position","coaching","Move YOU forward to compare another carrier angle."
"exp26-u15-012","exp26-u15-012-q5","U15","Rush decision","odd-man-puck-carrier","choice","coaching","If Gold 1 turns fully toward YOU and F2’s route clears, what might improve?"
"exp26-u15-012","exp26-u15-012-q6","U15","Rush decision","odd-man-puck-carrier","explain","coaching","How can a suggested answer acknowledge both a possible shot and a possible pass?"
"exp26-u15-012","exp26-u15-012-q7","U15","Rush decision","odd-man-puck-carrier","choice","coaching","What should YOU say as Gold 1 changes the lane?"
"exp26-u15-012","exp26-u15-012-q8","U15","Rush decision","odd-man-puck-carrier","multi","coaching","Which two cues support the second option?"
"exp26-u15-012","exp26-u15-012-q9","U15","Rush decision","odd-man-puck-carrier","position","coaching","Move YOU toward the middle to compare another carrier angle."
"exp26-u15-012","exp26-u15-012-q10","U15","Rush decision","odd-man-puck-carrier","explain","coaching","Gold 1 stays between YOU and F2. Explain the safer branch."
"exp26-u15-013","exp26-u15-013-q1","U15","Puck recovery","battle-second-support","choice","scene","Which Navy player is assigned the first wall contest?"
"exp26-u15-013","exp26-u15-013-q2","U15","Puck recovery","battle-second-support","multi","coaching","Choose two things that can make second support useful."
"exp26-u15-013","exp26-u15-013-q3","U15","Puck recovery","battle-second-support","sequence","coaching","Order one second-support read."
"exp26-u15-013","exp26-u15-013-q4","U15","Puck recovery","battle-second-support","position","coaching","Move YOU closer to Navy’s net than the battle to illustrate a second-touch support pocket."
"exp26-u15-013","exp26-u15-013-q5","U15","Puck recovery","battle-second-support","multi","coaching","Gold 2 moves onto C’s outlet. Which two checks help YOU adjust?"
"exp26-u15-013","exp26-u15-013-q6","U15","Puck recovery","battle-second-support","explain","coaching","Explain a useful second-player job if F1 does not win the puck cleanly."
"exp26-u15-013","exp26-u15-013-q7","U15","Puck recovery","battle-second-support","choice","coaching","What should YOU communicate in the wall battle?"
"exp26-u15-013","exp26-u15-013-q8","U15","Puck recovery","battle-second-support","multi","coaching","Which two events change second support?"
"exp26-u15-013","exp26-u15-013-q9","U15","Puck recovery","battle-second-support","position","coaching","If Gold 2 closes C’s outlet, compare a support point separate from C."
"exp26-u15-013","exp26-u15-013-q10","U15","Puck recovery","battle-second-support","explain","coaching","Gold 2 moves onto C’s outlet. What should YOU adjust?"
"exp26-u15-014","exp26-u15-014-q1","U15","Game management","line-change-puck-management","choice","scene","Who is explicitly unavailable during this moment?"
"exp26-u15-014","exp26-u15-014-q2","U15","Game management","line-change-puck-management","multi","coaching","Which two checks matter while support is reduced?"
"exp26-u15-014","exp26-u15-014-q3","U15","Game management","line-change-puck-management","sequence","coaching","Arrange one read during this change."
"exp26-u15-014","exp26-u15-014-q4","U15","Game management","line-change-puck-management","position","coaching","Move YOU to compare a position preserving a connection to D2."
"exp26-u15-014","exp26-u15-014-q5","U15","Game management","line-change-puck-management","choice","coaching","The new F3 arrives in a clear middle lane. What can YOU reconsider?"
"exp26-u15-014","exp26-u15-014-q6","U15","Game management","line-change-puck-management","explain","coaching","Why is “a teammate is changing” not enough information to demand a dump-in?"
"exp26-u15-014","exp26-u15-014-q7","U15","Game management","line-change-puck-management","choice","coaching","What should YOU call during the line change?"
"exp26-u15-014","exp26-u15-014-q8","U15","Game management","line-change-puck-management","multi","coaching","Which two cues decide a safe hold?"
"exp26-u15-014","exp26-u15-014-q9","U15","Game management","line-change-puck-management","position","coaching","Move YOU to compare another angle toward D2."
"exp26-u15-014","exp26-u15-014-q10","U15","Game management","line-change-puck-management","explain","coaching","F3 arrives in a clear middle lane. What can YOU reconsider?"
"exp26-u15-015","exp26-u15-015-q1","U15","Slot and low support","offensive-possession-reset","choice","scene","Which teammate is below the attacking goal-line area?"
"exp26-u15-015","exp26-u15-015-q2","U15","Slot and low support","offensive-possession-reset","multi","coaching","Choose two checks before using low support."
"exp26-u15-015","exp26-u15-015-q3","U15","Slot and low support","offensive-possession-reset","sequence","coaching","Arrange a possession reset decision."
"exp26-u15-015","exp26-u15-015-q4","U15","Slot and low support","offensive-possession-reset","position","coaching","Move YOU off the puck-side half wall to compare a new low-support angle."
"exp26-u15-015","exp26-u15-015-q5","U15","Slot and low support","offensive-possession-reset","choice","coaching","Gold 1 leaves the slot route to pressure YOU on the wall. What should be checked?"
"exp26-u15-015","exp26-u15-015-q6","U15","Slot and low support","offensive-possession-reset","explain","coaching","Name two support areas in this scene and explain the different choices they offer."
"exp26-u15-015","exp26-u15-015-q7","U15","Slot and low support","offensive-possession-reset","choice","coaching","What could YOU communicate while carrying at the half wall?"
"exp26-u15-015","exp26-u15-015-q8","U15","Slot and low support","offensive-possession-reset","multi","coaching","Which two cues affect low support?"
"exp26-u15-015","exp26-u15-015-q9","U15","Slot and low support","offensive-possession-reset","position","coaching","Move YOU toward the goal line to compare an exchange angle near F1."
"exp26-u15-015","exp26-u15-015-q10","U15","Slot and low support","offensive-possession-reset","explain","coaching","Gold 1 pressures YOU on the wall. What should be checked?"
"exp26b-u15-001","exp26b-u15-001-q1","U15","Offensive blue line","pinch-cover-read","choice","scene","What is directly stated about the high cover?"
"exp26b-u15-001","exp26b-u15-001-q2","U15","Offensive blue line","pinch-cover-read","multi","coaching","Which two checks belong before stepping down?"
"exp26b-u15-001","exp26b-u15-001-q3","U15","Offensive blue line","pinch-cover-read","sequence","coaching","Arrange a supported-pinch read."
"exp26b-u15-001","exp26b-u15-001-q4","U15","Offensive blue line","pinch-cover-read","position","coaching","Move YOU nearer the blue line to compare high support."
"exp26b-u15-001","exp26b-u15-001-q5","U15","Offensive blue line","pinch-cover-read","choice","coaching","D2 is pulled low by a changing puck route. What should YOU reconsider?"
"exp26b-u15-001","exp26b-u15-001-q6","U15","Offensive blue line","pinch-cover-read","explain","coaching","Which three cues make this pinch supported rather than merely aggressive?"
"exp26b-u15-002","exp26b-u15-002-q1","U15","Power-play support","powerplay-draw-out","choice","scene","Which player currently owns the puck?"
"exp26b-u15-002","exp26b-u15-002-q2","U15","Power-play support","powerplay-draw-out","multi","coaching","Which two cues support moving the puck?"
"exp26b-u15-002","exp26b-u15-002-q3","U15","Power-play support","powerplay-draw-out","sequence","coaching","Arrange one local passing read."
"exp26b-u15-002","exp26b-u15-002-q4","U15","Power-play support","powerplay-draw-out","position","coaching","Move YOU toward the blue line to compare a passing angle toward F3."
"exp26b-u15-002","exp26b-u15-002-q5","U15","Power-play support","powerplay-draw-out","choice","coaching","Gold 1 commits toward F2 after your angle change. What deserves a fresh check?"
"exp26b-u15-002","exp26b-u15-002-q6","U15","Power-play support","powerplay-draw-out","explain","coaching","Name the half-wall space and explain how changing your angle can affect two receivers."
"exp26b-u15-003","exp26b-u15-003-q1","U15","Penalty-kill coverage","pk-side-shift","choice","scene","Which team has the puck in this setup?"
"exp26b-u15-003","exp26b-u15-003-q2","U15","Penalty-kill coverage","pk-side-shift","multi","coaching","Which two cues matter during a flank-to-flank shift?"
"exp26b-u15-003","exp26b-u15-003-q3","U15","Penalty-kill coverage","pk-side-shift","sequence","coaching","Which order keeps the slot protected during the flank shift?"
"exp26b-u15-003","exp26b-u15-003-q4","U15","Penalty-kill coverage","pk-side-shift","position","coaching","Move YOU nearer the middle to compare low-slot cover."
"exp26b-u15-003","exp26b-u15-003-q5","U15","Penalty-kill coverage","pk-side-shift","choice","coaching","Gold passes across to Gold 5. What should YOU check first?"
"exp26b-u15-003","exp26b-u15-003-q6","U15","Penalty-kill coverage","pk-side-shift","explain","coaching","Why can a penalty kill not cover every pass at once?"
"exp26b-u15-004","exp26b-u15-004-q1","U15","Special-teams faceoff","powerplay-draw-recovery","choice","scene","Has Navy secured the puck yet?"
"exp26b-u15-004","exp26b-u15-004-q2","U15","Special-teams faceoff","powerplay-draw-recovery","multi","coaching","Which two priorities belong in the retrieval?"
"exp26b-u15-004","exp26b-u15-004-q3","U15","Special-teams faceoff","powerplay-draw-recovery","sequence","coaching","Arrange a possible start after the draw."
"exp26b-u15-004","exp26b-u15-004-q4","U15","Special-teams faceoff","powerplay-draw-recovery","position","coaching","Move YOU nearer the loose puck to compare an approach angle."
"exp26b-u15-004","exp26b-u15-004-q5","U15","Special-teams faceoff","powerplay-draw-recovery","choice","coaching","Gold 1 gains clear control first. What is useful now?"
"exp26b-u15-004","exp26b-u15-004-q6","U15","Special-teams faceoff","powerplay-draw-recovery","explain","coaching","How does F2 change the recovery choice after the draw?"
"exp26b-u15-005","exp26b-u15-005-q1","U15","Zone-entry support","entry-support-replace","choice","scene","After the entry pass, which Navy player is the carrier?"
"exp26b-u15-005","exp26b-u15-005-q2","U15","Zone-entry support","entry-support-replace","multi","coaching","Which two details matter when filling high support?"
"exp26b-u15-005","exp26b-u15-005-q3","U15","Zone-entry support","entry-support-replace","sequence","coaching","Arrange the post-entry support change."
"exp26b-u15-005","exp26b-u15-005-q4","U15","Zone-entry support","entry-support-replace","position","coaching","Move YOU behind F2 toward the blue line to compare high support."
"exp26b-u15-005","exp26b-u15-005-q5","U15","Zone-entry support","entry-support-replace","choice","coaching","F2 loses the puck to Gold 2. What takes priority?"
"exp26b-u15-005","exp26b-u15-005-q6","U15","Zone-entry support","entry-support-replace","explain","coaching","Which support space did YOU fill, and what route does it leave F2?"
"exp26b-u15-006","exp26b-u15-006-q1","U15","Backchecking communication","backcheck-handoff-recovery","choice","scene","Which attacker is the inside support in this picture?"
"exp26b-u15-006","exp26b-u15-006-q2","U15","Backchecking communication","backcheck-handoff-recovery","multi","coaching","Which two checks shape your recovery?"
"exp26b-u15-006","exp26b-u15-006-q3","U15","Backchecking communication","backcheck-handoff-recovery","sequence","coaching","Arrange a recovery update."
"exp26b-u15-006","exp26b-u15-006-q4","U15","Backchecking communication","backcheck-handoff-recovery","position","coaching","Move YOU to compare a net-side recovery target against Gold 2."
"exp26b-u15-006","exp26b-u15-006-q5","U15","Backchecking communication","backcheck-handoff-recovery","choice","coaching","Gold 2 cuts inside behind D1. What deserves the quickest re-read?"
"exp26b-u15-006","exp26b-u15-006-q6","U15","Backchecking communication","backcheck-handoff-recovery","explain","coaching","What makes a recovery call useful after a puck-side handoff?"
"exp26b-u15-007","exp26b-u15-007-q1","U15","Neutral-zone regroup","neutral-regroup-angle","choice","scene","Which Navy player gives the deeper reset option?"
"exp26b-u15-007","exp26b-u15-007-q2","U15","Neutral-zone regroup","neutral-regroup-angle","multi","coaching","Which two observations help choose a route?"
"exp26b-u15-007","exp26b-u15-007-q3","U15","Neutral-zone regroup","neutral-regroup-angle","sequence","coaching","Arrange the regroup scan."
"exp26b-u15-007","exp26b-u15-007-q4","U15","Neutral-zone regroup","neutral-regroup-angle","position","coaching","Move YOU nearer the middle to compare the angles toward D2 and F1."
"exp26b-u15-007","exp26b-u15-007-q5","U15","Neutral-zone regroup","neutral-regroup-angle","choice","coaching","Gold 2 steps toward F1 while Gold 1 stays wide. What is useful?"
"exp26b-u15-007","exp26b-u15-007-q6","U15","Neutral-zone regroup","neutral-regroup-angle","explain","coaching","Why should YOU compare passing angles as well as distance from the boards?"
"exp26b-u15-008","exp26b-u15-008-q1","U15","Defensive coverage communication","behind-net-communication","choice","scene","Where is Gold 1 relative to the Navy net?"
"exp26b-u15-008","exp26b-u15-008-q2","U15","Defensive coverage communication","behind-net-communication","multi","coaching","Which two names belong in a useful handoff call?"
"exp26b-u15-008","exp26b-u15-008-q3","U15","Defensive coverage communication","behind-net-communication","sequence","coaching","Arrange the behind-net response."
"exp26b-u15-008","exp26b-u15-008-q4","U15","Defensive coverage communication","behind-net-communication","position","coaching","Move YOU nearer the middle on your current side to compare inside support."
"exp26b-u15-008","exp26b-u15-008-q5","U15","Defensive coverage communication","behind-net-communication","choice","coaching","Gold 1 exits on D2's side and Gold 2 cuts inward. What changes first?"
"exp26b-u15-008","exp26b-u15-008-q6","U15","Defensive coverage communication","behind-net-communication","explain","coaching","Why should a behind-net call include an exit side and a threat name?"
"exp26b-u15-009","exp26b-u15-009-q1","U15","Offensive support","cycle-high-outlet","choice","scene","Which Navy forward controls the puck behind Gold’s goal line?"
"exp26b-u15-009","exp26b-u15-009-q2","U15","Offensive support","cycle-high-outlet","multi","coaching","Which two details support a high outlet?"
"exp26b-u15-009","exp26b-u15-009-q3","U15","Offensive support","cycle-high-outlet","sequence","coaching","Arrange a high-outlet read."
"exp26b-u15-009","exp26b-u15-009-q4","U15","Offensive support","cycle-high-outlet","position","coaching","Move YOU to compare a high support point separate from F2."
"exp26b-u15-009","exp26b-u15-009-q5","U15","Offensive support","cycle-high-outlet","choice","coaching","Gold 1 leaves the slot to pressure the puck. What should YOU weigh?"
"exp26b-u15-009","exp26b-u15-009-q6","U15","Offensive support","cycle-high-outlet","explain","coaching","How does a high outlet help a low cycle?"
"exp26b-u15-010","exp26b-u15-010-q1","U15","Point attack and traffic","point-release-traffic","choice","scene","Which Navy player is the net-front reference?"
"exp26b-u15-010","exp26b-u15-010-q2","U15","Point attack and traffic","point-release-traffic","multi","coaching","Which two checks shape the point decision?"
"exp26b-u15-010","exp26b-u15-010-q3","U15","Point attack and traffic","point-release-traffic","sequence","coaching","Arrange a changed-lane point read."
"exp26b-u15-010","exp26b-u15-010-q4","U15","Point attack and traffic","point-release-traffic","position","coaching","Move YOU to compare another shooting angle toward the net."
"exp26b-u15-010","exp26b-u15-010-q5","U15","Point attack and traffic","point-release-traffic","choice","coaching","If Gold 1 moves away and F1 leaves the net front, what deserves attention?"
"exp26b-u15-010","exp26b-u15-010-q6","U15","Point attack and traffic","point-release-traffic","explain","coaching","What makes feedback on a point release useful in this rep?"
"exp26b-u15-011","exp26b-u15-011-q1","U15","Breakout communication","goalie-outlet-reception","choice","scene","Who controls the outlet puck at the freeze?"
"exp26b-u15-011","exp26b-u15-011-q2","U15","Breakout communication","goalie-outlet-reception","multi","coaching","Which two receiver checks belong before the touch?"
"exp26b-u15-011","exp26b-u15-011-q3","U15","Breakout communication","goalie-outlet-reception","sequence","coaching","Arrange a loose-outlet routine."
"exp26b-u15-011","exp26b-u15-011-q4","U15","Breakout communication","goalie-outlet-reception","position","coaching","Move YOU to compare an approach to the loose puck."
"exp26b-u15-011","exp26b-u15-011-q5","U15","Breakout communication","goalie-outlet-reception","choice","coaching","Gold 1 reaches the planned touch lane first. What should be reconsidered?"
"exp26b-u15-011","exp26b-u15-011-q6","U15","Breakout communication","goalie-outlet-reception","explain","coaching","What could YOU communicate before the goalie releases another outlet?"
"exp26b-u15-012","exp26b-u15-012-q1","U15","Rush decision","two-on-one-lane-read","choice","scene","What has Gold 1 changed?"
"exp26b-u15-012","exp26b-u15-012-q2","U15","Rush decision","two-on-one-lane-read","multi","coaching","Which two cues should shape the next touch?"
"exp26b-u15-012","exp26b-u15-012-q3","U15","Rush decision","two-on-one-lane-read","sequence","coaching","Arrange a changed two-on-one read."
"exp26b-u15-012","exp26b-u15-012-q4","U15","Rush decision","two-on-one-lane-read","position","coaching","Move YOU to compare a different angle toward F2 and the net."
"exp26b-u15-012","exp26b-u15-012-q5","U15","Rush decision","two-on-one-lane-read","choice","coaching","Gold 1 turns toward YOU and F2 gains separation. What could improve?"
"exp26b-u15-012","exp26b-u15-012-q6","U15","Rush decision","two-on-one-lane-read","explain","coaching","How can feedback respect both a possible shot and a possible pass?"
"exp26b-u15-013","exp26b-u15-013-q1","U15","Puck recovery","wall-battle-second-touch","choice","scene","Which Navy player has the first wall-contest role?"
"exp26b-u15-013","exp26b-u15-013-q2","U15","Puck recovery","wall-battle-second-touch","multi","coaching","Which two cues make second support useful?"
"exp26b-u15-013","exp26b-u15-013-q3","U15","Puck recovery","wall-battle-second-touch","sequence","coaching","Arrange a second-support read."
"exp26b-u15-013","exp26b-u15-013-q4","U15","Puck recovery","wall-battle-second-touch","position","coaching","Move YOU nearer the middle to compare support outside F1’s contest."
"exp26b-u15-013","exp26b-u15-013-q5","U15","Puck recovery","wall-battle-second-touch","choice","coaching","Gold 2 closes C as the puck rolls free. What should be checked?"
"exp26b-u15-013","exp26b-u15-013-q6","U15","Puck recovery","wall-battle-second-touch","explain","coaching","What is a useful second-player job when F1 does not win the puck cleanly?"
"exp26b-u15-014","exp26b-u15-014-q1","U15","Puck management","line-change-possession","choice","scene","Which teammate is unavailable during this rep?"
"exp26b-u15-014","exp26b-u15-014-q2","U15","Puck management","line-change-possession","multi","coaching","Which two checks matter with one support option missing?"
"exp26b-u15-014","exp26b-u15-014-q3","U15","Puck management","line-change-possession","sequence","coaching","Arrange a possession read during the change."
"exp26b-u15-014","exp26b-u15-014-q4","U15","Puck management","line-change-possession","position","coaching","Move YOU to compare a reset toward D2 with a forward route toward F1."
"exp26b-u15-014","exp26b-u15-014-q5","U15","Puck management","line-change-possession","choice","coaching","A new F3 appears in a clear middle lane. What can YOU reconsider?"
"exp26b-u15-014","exp26b-u15-014-q6","U15","Puck management","line-change-possession","explain","coaching","Why does a line change call for a possession read rather than one fixed action?"
"exp26b-u15-015","exp26b-u15-015-q1","U15","Offensive possession","slot-crowding-reset","choice","scene","Which Navy teammate is positioned behind Gold’s goal line?"
"exp26b-u15-015","exp26b-u15-015-q2","U15","Offensive possession","slot-crowding-reset","multi","coaching","Which two details support a reset?"
"exp26b-u15-015","exp26b-u15-015-q3","U15","Offensive possession","slot-crowding-reset","sequence","coaching","Arrange a connected reset."
"exp26b-u15-015","exp26b-u15-015-q4","U15","Offensive possession","slot-crowding-reset","position","coaching","Move YOU nearer the middle to compare the routes toward F1, F2 and D1."
"exp26b-u15-015","exp26b-u15-015-q5","U15","Offensive possession","slot-crowding-reset","choice","coaching","Gold 1 leaves F2 to pressure YOU on the wall. What should be weighed?"
"exp26b-u15-015","exp26b-u15-015-q6","U15","Offensive possession","slot-crowding-reset","explain","coaching","Name two support areas in this reset and explain their different value."
"exp26-u18-001","exp26-u18-001-q1","U18","Clock and risk","late-game-possession","choice","scene","What score-and-clock situation is explicitly given?"
"exp26-u18-001","exp26-u18-001-q2","U18","Clock and risk","late-game-possession","multi","coaching","Which two cues affect the stated possession objective?"
"exp26-u18-001","exp26-u18-001-q3","U18","Clock and risk","late-game-possession","sequence","coaching","Arrange a read for this late-game possession."
"exp26-u18-001","exp26-u18-001-q4","U18","Clock and risk","late-game-possession","position","coaching","Move YOU to compare the routes toward D2 and F3."
"exp26-u18-001","exp26-u18-001-q5","U18","Clock and risk","late-game-possession","choice","coaching","F1 becomes clearly open beyond Gold 1 with room to retain the puck. What changes?"
"exp26-u18-001","exp26-u18-001-q6","U18","Clock and risk","late-game-possession","explain","coaching","How would YOU explain a sensible risk tradeoff without reducing it to “never attack with a lead”?"
"exp26-u18-001","exp26-u18-001-q7","U18","Clock and risk","late-game-possession","choice","coaching","What should YOU communicate with 48 seconds left?"
"exp26-u18-001","exp26-u18-001-q8","U18","Clock and risk","late-game-possession","multi","coaching","Which two events change the late-game risk?"
"exp26-u18-001","exp26-u18-001-q9","U18","Clock and risk","late-game-possession","position","coaching","Move YOU to compare forward routes toward F1 and F2."
"exp26-u18-001","exp26-u18-001-q10","U18","Clock and risk","late-game-possession","explain","coaching","Gold closes F1 but F2 remains open. Explain the late-game branch."
"exp26-u18-002","exp26-u18-002-q1","U18","Clock and attacking support","late-game-attack","choice","scene","Is an extra attacker part of this stated setup?"
"exp26-u18-002","exp26-u18-002-q2","U18","Clock and attacking support","late-game-attack","multi","coaching","Choose two considerations for generating a remaining chance."
"exp26-u18-002","exp26-u18-002-q3","U18","Clock and attacking support","late-game-attack","sequence","coaching","Arrange a time-aware attacking read."
"exp26-u18-002","exp26-u18-002-q4","U18","Clock and attacking support","late-game-attack","position","coaching","Move YOU to compare a more central point angle."
"exp26-u18-002","exp26-u18-002-q5","U18","Clock and attacking support","late-game-attack","choice","coaching","Gold 1 lunges into the shot lane and F2 becomes visible. What should be considered?"
"exp26-u18-002","exp26-u18-002-q6","U18","Clock and attacking support","late-game-attack","explain","coaching","Why is “get a shot” incomplete feedback in this final-minute scene?"
"exp26-u18-002","exp26-u18-002-q7","U18","Clock and attacking support","late-game-attack","choice","coaching","What should YOU communicate while trailing late?"
"exp26-u18-002","exp26-u18-002-q8","U18","Clock and attacking support","late-game-attack","multi","coaching","Which two updates support a remaining chance?"
"exp26-u18-002","exp26-u18-002-q9","U18","Clock and attacking support","late-game-attack","position","coaching","Move YOU to compare a more central point angle toward F2."
"exp26-u18-002","exp26-u18-002-q10","U18","Clock and attacking support","late-game-attack","explain","coaching","Gold blocks F2 but leaves F3 wide. Explain your next read."
"exp26-u18-003","exp26-u18-003-q1","U18","Power-play entry","power-play-rush-entry","choice","scene","What does the stated team instruction permit?"
"exp26-u18-003","exp26-u18-003-q2","U18","Power-play entry","power-play-rush-entry","multi","coaching","Which two cues help judge that option?"
"exp26-u18-003","exp26-u18-003-q3","U18","Power-play entry","power-play-rush-entry","sequence","coaching","Arrange an entry read under this instruction."
"exp26-u18-003","exp26-u18-003-q4","U18","Power-play entry","power-play-rush-entry","position","coaching","Move YOU to compare a carrier angle connecting the wide entry to middle support."
"exp26-u18-003","exp26-u18-003-q5","U18","Power-play entry","power-play-rush-entry","choice","coaching","Gold 2 closes F2 and Gold 1 contains your lane. What could be useful?"
"exp26-u18-003","exp26-u18-003-q6","U18","Power-play entry","power-play-rush-entry","explain","coaching","How is “allowed to score from the rush” different from “must shoot immediately”?"
"exp26-u18-003","exp26-u18-003-q7","U18","Power-play entry","power-play-rush-entry","choice","coaching","What should YOU say before the permitted rush entry?"
"exp26-u18-003","exp26-u18-003-q8","U18","Power-play entry","power-play-rush-entry","multi","coaching","Which two checks belong before using the rush?"
"exp26-u18-003","exp26-u18-003-q9","U18","Power-play entry","power-play-rush-entry","position","coaching","Move YOU to compare the routes toward F2 and trailing F3."
"exp26-u18-003","exp26-u18-003-q10","U18","Power-play entry","power-play-rush-entry","explain","coaching","Gold closes both visible support lanes. What should YOU reconsider?"
"exp26-u18-004","exp26-u18-004-q1","U18","Special-teams rotation","penalty-kill-backdoor","choice","scene","Which attacker is across the low slot from the puck side?"
"exp26-u18-004","exp26-u18-004-q2","U18","Special-teams rotation","penalty-kill-backdoor","multi","coaching","Select two checks before exchanging the low responsibility."
"exp26-u18-004","exp26-u18-004-q3","U18","Special-teams rotation","penalty-kill-backdoor","sequence","coaching","Arrange a coverage handoff under this drill plan."
"exp26-u18-004","exp26-u18-004-q4","U18","Special-teams rotation","penalty-kill-backdoor","position","coaching","Move YOU to compare a net-side weak-side position."
"exp26-u18-004","exp26-u18-004-q5","U18","Special-teams rotation","penalty-kill-backdoor","choice","coaching","Gold 2 receives below the goal line and Gold 3 cuts inward. What needs updating?"
"exp26-u18-004","exp26-u18-004-q6","U18","Special-teams rotation","penalty-kill-backdoor","explain","coaching","Name the backdoor or low-slot area YOU are protecting and explain the passing threat."
"exp26-u18-004","exp26-u18-004-q7","U18","Special-teams rotation","penalty-kill-backdoor","choice","coaching","What should YOU call during the low exchange?"
"exp26-u18-004","exp26-u18-004-q8","U18","Special-teams rotation","penalty-kill-backdoor","multi","coaching","Which two changes require a coverage update?"
"exp26-u18-004","exp26-u18-004-q9","U18","Special-teams rotation","penalty-kill-backdoor","position","coaching","From the starting picture, compare another net-side position against Gold 3."
"exp26-u18-004","exp26-u18-004-q10","U18","Special-teams rotation","penalty-kill-backdoor","explain","coaching","Gold 3 cuts inward as Gold 2 receives below. Explain the handoff."
"exp26-u18-005","exp26-u18-005-q1","U18","Transition support","defender-activation","choice","scene","Which defender has the explicitly stated deeper-cover role?"
"exp26-u18-005","exp26-u18-005-q2","U18","Transition support","defender-activation","multi","coaching","Choose two checks for joining the attack."
"exp26-u18-005","exp26-u18-005-q3","U18","Transition support","defender-activation","sequence","coaching","Arrange an activation assessment."
"exp26-u18-005","exp26-u18-005-q4","U18","Transition support","defender-activation","position","coaching","Move YOU to compare a second-wave supporting lane."
"exp26-u18-005","exp26-u18-005-q5","U18","Transition support","defender-activation","choice","coaching","F1 bobbles the puck as Gold 3 accelerates. What deserves a fresh decision?"
"exp26-u18-005","exp26-u18-005-q6","U18","Transition support","defender-activation","explain","coaching","What distinguishes a useful second wave from leaving the play without cover?"
"exp26-u18-005","exp26-u18-005-q7","U18","Transition support","defender-activation","choice","coaching","What should YOU communicate before joining the second wave?"
"exp26-u18-005","exp26-u18-005-q8","U18","Transition support","defender-activation","multi","coaching","Which two changes require reassessing the activation?"
"exp26-u18-005","exp26-u18-005-q9","U18","Transition support","defender-activation","position","coaching","Move YOU to a second-wave lane behind F1, separate from F3."
"exp26-u18-005","exp26-u18-005-q10","U18","Transition support","defender-activation","explain","coaching","Gold 3 accelerates as F1 bobbles. What is your new priority?"
"exp26-u18-006","exp26-u18-006-q1","U18","Regroup decision","forecheck-manipulation-regroup","choice","scene","Which opponent is explicitly changing toward D2?"
"exp26-u18-006","exp26-u18-006-q2","U18","Regroup decision","forecheck-manipulation-regroup","multi","coaching","Which two observations belong in the next pass decision?"
"exp26-u18-006","exp26-u18-006-q3","U18","Regroup decision","forecheck-manipulation-regroup","sequence","coaching","Arrange a read of the changing forecheck."
"exp26-u18-006","exp26-u18-006-q4","U18","Regroup decision","forecheck-manipulation-regroup","position","coaching","Move YOU to compare a more central connection toward F1."
"exp26-u18-006","exp26-u18-006-q5","U18","Regroup decision","forecheck-manipulation-regroup","choice","coaching","Gold 3 drops directly into F1’s route as Gold 2 leaves. What changes?"
"exp26-u18-006","exp26-u18-006-q6","U18","Regroup decision","forecheck-manipulation-regroup","explain","coaching","Explain why moving one forechecker does not necessarily free a pass."
"exp26-u18-006","exp26-u18-006-q7","U18","Regroup decision","forecheck-manipulation-regroup","choice","coaching","What should YOU call as Gold 2 changes toward D2?"
"exp26-u18-006","exp26-u18-006-q8","U18","Regroup decision","forecheck-manipulation-regroup","multi","coaching","Which two cues decide the regroup connection?"
"exp26-u18-006","exp26-u18-006-q9","U18","Regroup decision","forecheck-manipulation-regroup","position","coaching","Move YOU to a central connection toward F1."
"exp26-u18-006","exp26-u18-006-q10","U18","Regroup decision","forecheck-manipulation-regroup","explain","coaching","Gold 3 fills F1’s route after Gold 2 leaves. What should change?"
"exp26-u18-007","exp26-u18-007-q1","U18","Point and low-zone roles","offensive-role-exchange","choice","scene","Which high area has the coach assigned YOU to cover?"
"exp26-u18-007","exp26-u18-007-q2","U18","Point and low-zone roles","offensive-role-exchange","multi","coaching","Which two checks make that cover useful?"
"exp26-u18-007","exp26-u18-007-q3","U18","Point and low-zone roles","offensive-role-exchange","sequence","coaching","Arrange the stated role replacement."
"exp26-u18-007","exp26-u18-007-q4","U18","Point and low-zone roles","offensive-role-exchange","position","coaching","Move YOU toward the vacated point to illustrate the assigned cover."
"exp26-u18-007","exp26-u18-007-q5","U18","Point and low-zone roles","offensive-role-exchange","choice","coaching","F1 loses the puck behind the net. What becomes relevant immediately?"
"exp26-u18-007","exp26-u18-007-q6","U18","Point and low-zone roles","offensive-role-exchange","explain","coaching","Explain the difference between your listed position as F3 and your temporary rink responsibility."
"exp26-u18-007","exp26-u18-007-q7","U18","Point and low-zone roles","offensive-role-exchange","choice","coaching","What should YOU communicate about the temporary point cover?"
"exp26-u18-007","exp26-u18-007-q8","U18","Point and low-zone roles","offensive-role-exchange","multi","coaching","Which two cues affect your point responsibility?"
"exp26-u18-007","exp26-u18-007-q9","U18","Point and low-zone roles","offensive-role-exchange","position","coaching","Move YOU toward the vacated point and compare the route toward F1."
"exp26-u18-007","exp26-u18-007-q10","U18","Point and low-zone roles","offensive-role-exchange","explain","coaching","F1 loses the puck behind the net. What do YOU communicate?"
"exp26-u18-008","exp26-u18-008-q1","U18","Faceoff and slot coverage","defensive-faceoff-contingency","choice","scene","Who controls the puck after the draw?"
"exp26-u18-008","exp26-u18-008-q2","U18","Faceoff and slot coverage","defensive-faceoff-contingency","multi","coaching","Which two cues matter for your inside-support task?"
"exp26-u18-008","exp26-u18-008-q3","U18","Faceoff and slot coverage","defensive-faceoff-contingency","sequence","coaching","Arrange a response to the lost draw."
"exp26-u18-008","exp26-u18-008-q4","U18","Faceoff and slot coverage","defensive-faceoff-contingency","position","coaching","Move YOU to compare an inside relation to Gold 2 in the high slot."
"exp26-u18-008","exp26-u18-008-q5","U18","Faceoff and slot coverage","defensive-faceoff-contingency","choice","coaching","Gold 2 moves down toward Gold 3 while Gold 4 enters the high slot. What should be updated?"
"exp26-u18-008","exp26-u18-008-q6","U18","Faceoff and slot coverage","defensive-faceoff-contingency","explain","coaching","Why should this scenario state a lost-draw assignment instead of calling one position universally correct?"
"exp26-u18-008","exp26-u18-008-q7","U18","Faceoff and slot coverage","defensive-faceoff-contingency","choice","coaching","What should YOU say after the lost draw?"
"exp26-u18-008","exp26-u18-008-q8","U18","Faceoff and slot coverage","defensive-faceoff-contingency","multi","coaching","Which two cues shape the inside recovery?"
"exp26-u18-008","exp26-u18-008-q9","U18","Faceoff and slot coverage","defensive-faceoff-contingency","position","coaching","Compare a deeper inside position against Gold 2."
"exp26-u18-008","exp26-u18-008-q10","U18","Faceoff and slot coverage","defensive-faceoff-contingency","explain","coaching","Gold 4 enters the high slot as Gold 2 drops. Explain the update."
"exp26-u18-009","exp26-u18-009-q1","U18","Receiving and scanning","receiving-under-fast-pressure","choice","scene","What is the puck doing according to the briefing?"
"exp26-u18-009","exp26-u18-009-q2","U18","Receiving and scanning","receiving-under-fast-pressure","multi","coaching","Which two cues should affect the first-touch option?"
"exp26-u18-009","exp26-u18-009-q3","U18","Receiving and scanning","receiving-under-fast-pressure","sequence","coaching","Arrange a prepared-reception routine."
"exp26-u18-009","exp26-u18-009-q4","U18","Receiving and scanning","receiving-under-fast-pressure","position","coaching","Move YOU to compare a different receiving angle toward F1 and F2."
"exp26-u18-009","exp26-u18-009-q5","U18","Receiving and scanning","receiving-under-fast-pressure","choice","coaching","Gold 1 closes F1 completely as the pass arrives. What might be appropriate?"
"exp26-u18-009","exp26-u18-009-q6","U18","Receiving and scanning","receiving-under-fast-pressure","explain","coaching","How can a player prepare early without committing too early?"
"exp26-u18-009","exp26-u18-009-q7","U18","Receiving and scanning","receiving-under-fast-pressure","choice","coaching","What should YOU communicate before the loose pass arrives?"
"exp26-u18-009","exp26-u18-009-q8","U18","Receiving and scanning","receiving-under-fast-pressure","multi","coaching","Which two changes affect the first touch?"
"exp26-u18-009","exp26-u18-009-q9","U18","Receiving and scanning","receiving-under-fast-pressure","position","coaching","Move YOU to compare another approach to the arriving pass."
"exp26-u18-009","exp26-u18-009-q10","U18","Receiving and scanning","receiving-under-fast-pressure","explain","coaching","Gold closes F1 completely as the puck arrives. Explain your branch."
"exp26-u18-010","exp26-u18-010-q1","U18","Transition and support","rapid-transition-role-change","choice","scene","Which possession event is the current one?"
"exp26-u18-010","exp26-u18-010-q2","U18","Transition and support","rapid-transition-role-change","multi","coaching","Choose two details for your third-player response."
"exp26-u18-010","exp26-u18-010-q3","U18","Transition and support","rapid-transition-role-change","sequence","coaching","Arrange an update after the second turnover."
"exp26-u18-010","exp26-u18-010-q4","U18","Transition and support","rapid-transition-role-change","position","coaching","Move YOU to compare inside support against Gold 2’s outlet."
"exp26-u18-010","exp26-u18-010-q5","U18","Transition and support","rapid-transition-role-change","choice","coaching","D1 immediately forces Gold 1 to release a loose puck. What should YOU avoid assuming?"
"exp26-u18-010","exp26-u18-010-q6","U18","Transition and support","rapid-transition-role-change","explain","coaching","Explain how three different puck states in this sequence create different possible jobs for YOU."
"exp26-u18-010","exp26-u18-010-q7","U18","Transition and support","rapid-transition-role-change","choice","coaching","What should YOU say after Gold 1 intercepts Navy’s recovery pass?"
"exp26-u18-010","exp26-u18-010-q8","U18","Transition and support","rapid-transition-role-change","multi","coaching","Which two events can change your third-player job?"
"exp26-u18-010","exp26-u18-010-q9","U18","Transition and support","rapid-transition-role-change","position","coaching","Move YOU inside toward Gold 2’s outlet relationship."
"exp26-u18-010","exp26-u18-010-q10","U18","Transition and support","rapid-transition-role-change","explain","coaching","If D1 wins the puck back, how does your third-player job change?"
"exp26b-u18-001","exp26b-u18-001-q1","U18","Clock and risk","late-lead-possession","choice","scene","What lead and remaining time does the briefing state?"
"exp26b-u18-001","exp26b-u18-001-q2","U18","Clock and risk","late-lead-possession","multi","coaching","Which two cues affect the possession objective?"
"exp26b-u18-001","exp26b-u18-001-q3","U18","Clock and risk","late-lead-possession","sequence","coaching","Arrange a late-possession read."
"exp26b-u18-001","exp26b-u18-001-q4","U18","Clock and risk","late-lead-possession","position","coaching","Move YOU to compare routes toward F1 and F2."
"exp26b-u18-001","exp26b-u18-001-q5","U18","Clock and risk","late-lead-possession","choice","coaching","F1 opens with room to retain the puck. What changes?"
"exp26b-u18-001","exp26b-u18-001-q6","U18","Clock and risk","late-lead-possession","explain","coaching","Explain a sensible risk tradeoff without saying “never attack with a lead.”"
"exp26b-u18-002","exp26b-u18-002-q1","U18","Clock and attacking support","late-trailing-attack","choice","scene","What game context is stated?"
"exp26b-u18-002","exp26b-u18-002-q2","U18","Clock and attacking support","late-trailing-attack","multi","coaching","Which two considerations shape a remaining chance?"
"exp26b-u18-002","exp26b-u18-002-q3","U18","Clock and attacking support","late-trailing-attack","sequence","coaching","Arrange this time-aware attack read."
"exp26b-u18-002","exp26b-u18-002-q4","U18","Clock and attacking support","late-trailing-attack","position","coaching","Move YOU nearer the middle to compare the routes toward F2 and F3."
"exp26b-u18-002","exp26b-u18-002-q5","U18","Clock and attacking support","late-trailing-attack","choice","coaching","If Gold 1 closes the shot lane and F2 becomes reachable, what could YOU consider?"
"exp26b-u18-002","exp26b-u18-002-q6","U18","Clock and attacking support","late-trailing-attack","explain","coaching","What does this late deficit add to feedback beyond the phrase “get a shot”?"
"exp26b-u18-003","exp26b-u18-003-q1","U18","Power-play entry","powerplay-rush-entry","choice","scene","Under the stated power play, which action is conditionally permitted?"
"exp26b-u18-003","exp26b-u18-003-q2","U18","Power-play entry","powerplay-rush-entry","multi","coaching","Which pressure and support evidence would justify that permitted entry?"
"exp26b-u18-003","exp26b-u18-003-q3","U18","Power-play entry","powerplay-rush-entry","sequence","coaching","What sequence turns the permission into a live entry read?"
"exp26b-u18-003","exp26b-u18-003-q4","U18","Power-play entry","powerplay-rush-entry","position","coaching","Move YOU to a carrier angle connecting wide entry and middle support."
"exp26b-u18-003","exp26b-u18-003-q5","U18","Power-play entry","powerplay-rush-entry","choice","coaching","When Gold 2 closes F2 and Gold 1 contains YOU, which branch remains to examine?"
"exp26b-u18-003","exp26b-u18-003-q6","U18","Power-play entry","powerplay-rush-entry","explain","coaching","Why does permission to score on the rush leave the final action conditional?"
"exp26b-u18-004","exp26b-u18-004-q1","U18","Special-teams rotation","pk-backdoor-rotate","choice","scene","Which attacker is across the low slot from Gold 1?"
"exp26b-u18-004","exp26b-u18-004-q2","U18","Special-teams rotation","pk-backdoor-rotate","multi","coaching","Which two checks belong before exchanging low responsibility?"
"exp26b-u18-004","exp26b-u18-004-q3","U18","Special-teams rotation","pk-backdoor-rotate","sequence","coaching","Arrange a coverage handoff."
"exp26b-u18-004","exp26b-u18-004-q4","U18","Special-teams rotation","pk-backdoor-rotate","position","coaching","Compare a position closer to Navy’s net than Gold 2, opposite the puck side."
"exp26b-u18-004","exp26b-u18-004-q5","U18","Special-teams rotation","pk-backdoor-rotate","choice","coaching","Gold 2 receives below the line and Gold 3 cuts inward. What needs updating?"
"exp26b-u18-004","exp26b-u18-004-q6","U18","Special-teams rotation","pk-backdoor-rotate","explain","coaching","Which low-slot passing threat should YOU track before exchanging coverage?"
"exp26b-u18-005","exp26b-u18-005-q1","U18","Transition support","defender-second-wave","choice","scene","Which Navy player has the deeper-cover role?"
"exp26b-u18-005","exp26b-u18-005-q2","U18","Transition support","defender-second-wave","multi","coaching","Which two checks support joining the attack?"
"exp26b-u18-005","exp26b-u18-005-q3","U18","Transition support","defender-second-wave","sequence","coaching","What sequence checks whether YOU should join as a second wave?"
"exp26b-u18-005","exp26b-u18-005-q4","U18","Transition support","defender-second-wave","position","coaching","Move YOU to compare second-wave support behind F1."
"exp26b-u18-005","exp26b-u18-005-q5","U18","Transition support","defender-second-wave","choice","coaching","F1 bobbles as Gold 3 accelerates: which role change follows?"
"exp26b-u18-005","exp26b-u18-005-q6","U18","Transition support","defender-second-wave","explain","coaching","How do carrier control and deeper cover separate a second wave from abandoning the play?"
"exp26b-u18-006","exp26b-u18-006-q1","U18","Regroup decision","forecheck-regroup-space","choice","scene","Which forechecker is now changing toward D2?"
"exp26b-u18-006","exp26b-u18-006-q2","U18","Regroup decision","forecheck-regroup-space","multi","coaching","Which pressure route and receiver access should be compared next?"
"exp26b-u18-006","exp26b-u18-006-q3","U18","Regroup decision","forecheck-regroup-space","sequence","coaching","Arrange a changing-forecheck read."
"exp26b-u18-006","exp26b-u18-006-q4","U18","Regroup decision","forecheck-regroup-space","position","coaching","Move YOU to a more central connection toward F1."
"exp26b-u18-006","exp26b-u18-006-q5","U18","Regroup decision","forecheck-regroup-space","choice","coaching","Gold 3 drops into F1's route as Gold 2 leaves. What changes?"
"exp26b-u18-006","exp26b-u18-006-q6","U18","Regroup decision","forecheck-regroup-space","explain","coaching","Why can one forechecker leaving still leave the pass closed?"
"exp26b-u18-007","exp26b-u18-007-q1","U18","Point and low-zone roles","point-low-exchange","choice","scene","Which area are YOU assigned to cover for this rep?"
"exp26b-u18-007","exp26b-u18-007-q2","U18","Point and low-zone roles","point-low-exchange","multi","coaching","Which carrier and teammate rotation cues make the temporary cover useful?"
"exp26b-u18-007","exp26b-u18-007-q3","U18","Point and low-zone roles","point-low-exchange","sequence","coaching","Arrange the role replacement."
"exp26b-u18-007","exp26b-u18-007-q4","U18","Point and low-zone roles","point-low-exchange","position","coaching","Move YOU toward the vacated point near the attacking blue line."
"exp26b-u18-007","exp26b-u18-007-q5","U18","Point and low-zone roles","point-low-exchange","choice","coaching","F1 loses it behind the net: which low threat must enter your update?"
"exp26b-u18-007","exp26b-u18-007-q6","U18","Point and low-zone roles","point-low-exchange","explain","coaching","Explain the difference between your listed position as a forward and your temporary rink responsibility."
"exp26b-u18-008","exp26b-u18-008-q1","U18","Faceoff and slot coverage","lost-draw-slot","choice","scene","At this lost draw, who has the puck now?"
"exp26b-u18-008","exp26b-u18-008-q2","U18","Faceoff and slot coverage","lost-draw-slot","multi","coaching","Which two cues matter for inside support?"
"exp26b-u18-008","exp26b-u18-008-q3","U18","Faceoff and slot coverage","lost-draw-slot","sequence","coaching","Arrange one inside-support read after the lost draw."
"exp26b-u18-008","exp26b-u18-008-q4","U18","Faceoff and slot coverage","lost-draw-slot","position","coaching","Compare a net-side position against Gold 2 in the high slot."
"exp26b-u18-008","exp26b-u18-008-q5","U18","Faceoff and slot coverage","lost-draw-slot","choice","coaching","Gold 2 moves toward the goal line and Gold 3 enters the high slot. What updates?"
"exp26b-u18-008","exp26b-u18-008-q6","U18","Faceoff and slot coverage","lost-draw-slot","explain","coaching","Why state a lost-draw assignment instead of calling one position universally correct?"
"exp26b-u18-009","exp26b-u18-009-q1","U18","Receiving and scanning","prepared-reception","choice","scene","At the freeze, how is the puck described?"
"exp26b-u18-009","exp26b-u18-009-q2","U18","Receiving and scanning","prepared-reception","multi","coaching","Which two cues affect the first-touch option?"
"exp26b-u18-009","exp26b-u18-009-q3","U18","Receiving and scanning","prepared-reception","sequence","coaching","What sequence prepares a first touch without locking onto the planned spot?"
"exp26b-u18-009","exp26b-u18-009-q4","U18","Receiving and scanning","prepared-reception","position","coaching","Move YOU nearer the actual loose puck to compare a receiving approach."
"exp26b-u18-009","exp26b-u18-009-q5","U18","Receiving and scanning","prepared-reception","choice","coaching","Gold 1 closes F1 as the puck arrives. What might be appropriate?"
"exp26b-u18-009","exp26b-u18-009-q6","U18","Receiving and scanning","prepared-reception","explain","coaching","How can early preparation leave room for a changed pressure route?"
"exp26b-u18-010","exp26b-u18-010-q1","U18","Transition and support","rapid-turnover-third-player","choice","scene","Which possession event is current at the freeze?"
"exp26b-u18-010","exp26b-u18-010-q2","U18","Transition and support","rapid-turnover-third-player","multi","coaching","Which two details matter for your third-player response?"
"exp26b-u18-010","exp26b-u18-010-q3","U18","Transition and support","rapid-turnover-third-player","sequence","coaching","What order updates your third-player job after the second turnover?"
"exp26b-u18-010","exp26b-u18-010-q4","U18","Transition and support","rapid-turnover-third-player","position","coaching","From the starting Gold 1 possession, compare inside recovery toward Gold 2."
"exp26b-u18-010","exp26b-u18-010-q5","U18","Transition and support","rapid-turnover-third-player","choice","coaching","In the stated branch, Gold 3 intercepts F1’s pass before F2 receives. What changes first?"
"exp26b-u18-010","exp26b-u18-010-q6","U18","Transition and support","rapid-turnover-third-player","explain","coaching","How can the same third player support two different possession states?"
